,pclass,name,sex,age,sibsp,parch,ticket,fare,cabin,embarked,y
0,3,"Touma, Master. Georges Youssef",male,7.0,1,1,2650,15.2458,,C,1
1,3,"Niklasson, Mr. Samuel",male,28.0,0,0,363611,8.05,,S,0
2,1,"Rosenbaum, Miss. Edith Louise",female,33.0,0,0,PC 17613,27.7208,A11,C,1
3,2,"Leyson, Mr. Robert William Norman",male,24.0,0,0,C.A. 29566,10.5,,S,0
4,1,"Chibnall, Mrs. (Edith Martha Bowerman)",female,,0,1,113505,55.0,E33,S,1
5,3,"Lefebre, Miss. Mathilde",female,,3,1,4133,25.4667,,S,0
6,3,"Franklin, Mr. Charles (Charles Fardon)",male,,0,0,SOTON/O.Q. 3101314,7.25,,S,0
7,3,"Ali, Mr. Ahmed",male,24.0,0,0,SOTON/O.Q. 3101311,7.05,,S,0
8,3,"Murphy, Miss. Margaret Jane",female,,1,0,367230,15.5,,Q,1
9,3,"Keefe, Mr. Arthur",male,,0,0,323592,7.25,,S,0
10,1,"Cardeza, Mrs. James Warburton Martinez (Charlotte Wardle Drake)",female,58.0,0,1,PC 17755,512.3292,B51 B53 B55,C,1
11,2,"Stanton, Mr. Samuel Ward",male,41.0,0,0,237734,15.0458,,C,0
12,3,"Palsson, Miss. Torborg Danira",female,8.0,3,1,349909,21.075,,S,0
13,1,"Daniels, Miss. Sarah",female,33.0,0,0,113781,151.55,,S,1
14,3,"Fox, Mr. Patrick",male,,0,0,368573,7.75,,Q,0
15,1,"White, Mr. Percival Wayland",male,54.0,0,1,35281,77.2875,D26,S,0
16,3,"Nakid, Mrs. Said (Waika ""Mary"" Mowad)",female,19.0,1,1,2653,15.7417,,C,1
17,3,"Dantcheff, Mr. Ristiu",male,25.0,0,0,349203,7.8958,,S,0
18,3,"Sage, Mr. John George",male,,1,9,CA. 2343,69.55,,S,0
19,2,"Butler, Mr. Reginald Fenton",male,25.0,0,0,234686,13.0,,S,0
20,2,"Becker, Miss. Ruth Elizabeth",female,12.0,2,1,230136,39.0,F4,S,1
21,1,"Lines, Mrs. Ernest H (Elizabeth Lindsey James)",female,51.0,0,1,PC 17592,39.4,D28,S,1
22,2,"Oxenham, Mr. Percy Thomas",male,22.0,0,0,W./C. 14260,10.5,,S,1
23,3,"Ayoub, Miss. Banoura",female,13.0,0,0,2687,7.2292,,C,1
24,1,"Brown, Mrs. John Murray (Caroline Lane Lamson)",female,59.0,2,0,11769,51.4792,C101,S,1
25,1,"Walker, Mr. William Anderson",male,47.0,0,0,36967,34.0208,D46,S,0
26,1,"Stengel, Mrs. Charles Emil Henry (Annie May Morris)",female,43.0,1,0,11778,55.4417,C116,C,1
27,3,"Palsson, Miss. Stina Viola",female,3.0,3,1,349909,21.075,,S,0
28,3,"Skoog, Mrs. William (Anna Bernhardina Karlsson)",female,45.0,1,4,347088,27.9,,S,0
29,3,"Goodwin, Mrs. Frederick (Augusta Tyler)",female,43.0,1,6,CA 2144,46.9,,S,0
30,3,"Abelseth, Mr. Olaus Jorgensen",male,25.0,0,0,348122,7.65,F G63,S,1
31,1,"Flegenheim, Mrs. Alfred (Antoinette)",female,,0,0,PC 17598,31.6833,,S,1
32,3,"Attalah, Mr. Sleiman",male,30.0,0,0,2694,7.225,,C,0
33,2,"Gale, Mr. Shadrach",male,34.0,1,0,28664,21.0,,S,0
34,1,"Penasco y Castellana, Mrs. Victor de Satode (Maria Josefa Perez de Soto y Vallejo)",female,17.0,1,0,PC 17758,108.9,C65,C,1
35,3,"Lennon, Miss. Mary",female,,1,0,370371,15.5,,Q,0
36,3,"Elias, Mr. Joseph",male,39.0,0,2,2675,7.2292,,C,0
37,3,"Harknett, Miss. Alice Phoebe",female,,0,0,W./C. 6609,7.55,,S,0
38,3,"Johansson, Mr. Erik",male,22.0,0,0,350052,7.7958,,S,0
39,3,"Lam, Mr. Len",male,,0,0,1601,56.4958,,S,0
40,3,"Boulos, Master. Akar",male,6.0,1,1,2678,15.2458,,C,0
41,1,"Maioni, Miss. Roberta",female,16.0,0,0,110152,86.5,B79,S,1
42,3,"van Melkebeke, Mr. Philemon",male,,0,0,345777,9.5,,S,0
43,3,"Demetri, Mr. Marinko",male,,0,0,349238,7.8958,,S,0
44,3,"Gallagher, Mr. Martin",male,25.0,0,0,36864,7.7417,,Q,0
45,3,"Reynolds, Mr. Harold J",male,21.0,0,0,342684,8.05,,S,0
46,3,"Kink-Heilmann, Miss. Luise Gretchen",female,4.0,0,2,315153,22.025,,S,1
47,1,"Willard, Miss. Constance",female,21.0,0,0,113795,26.55,,S,1
48,2,"Weisz, Mrs. Leopold (Mathilde Francoise Pede)",female,29.0,1,0,228414,26.0,,S,1
49,3,"Kraeff, Mr. Theodor",male,,0,0,349253,7.8958,,C,0
50,1,"Newell, Miss. Marjorie",female,23.0,1,0,35273,113.275,D36,C,1
51,1,"Newell, Mr. Arthur Webster",male,58.0,0,2,35273,113.275,D48,C,0
52,1,"Mayne, Mlle. Berthe Antonine (""Mrs de Villiers"")",female,24.0,0,0,PC 17482,49.5042,C90,C,1
53,2,"Corbett, Mrs. Walter H (Irene Colvin)",female,30.0,0,0,237249,13.0,,S,0
54,3,"McCoy, Miss. Agnes",female,,2,0,367226,23.25,,Q,1
55,3,"Johansson, Mr. Gustaf Joel",male,33.0,0,0,7540,8.6542,,S,0
56,1,"Behr, Mr. Karl Howell",male,26.0,0,0,111369,30.0,C148,C,1
57,3,"Vander Cruyssen, Mr. Victor",male,47.0,0,0,345765,9.0,,S,0
58,3,"Sap, Mr. Julius",male,25.0,0,0,345768,9.5,,S,1
59,3,"Guest, Mr. Robert",male,,0,0,376563,8.05,,S,0
60,3,"Perkin, Mr. John Henry",male,22.0,0,0,A/5 21174,7.25,,S,0
61,3,"Jussila, Miss. Mari Aina",female,21.0,1,0,4137,9.825,,S,0
62,3,"Pickard, Mr. Berk (Berk Trembisky)",male,32.0,0,0,SOTON/O.Q. 392078,8.05,E10,S,1
63,1,"Futrelle, Mrs. Jacques Heath (Lily May Peel)",female,35.0,1,0,113803,53.1,C123,S,1
64,3,"Palsson, Master. Gosta Leonard",male,2.0,3,1,349909,21.075,,S,0
65,2,"West, Mrs. Edwy Arthur (Ada Mary Worth)",female,33.0,1,2,C.A. 34651,27.75,,S,1
66,3,"Klasen, Mrs. (Hulda Kristina Eugenia Lofqvist)",female,36.0,0,2,350405,12.1833,,S,0
67,3,"Nysten, Miss. Anna Sofia",female,22.0,0,0,347081,7.75,,S,1
68,2,"Richards, Master. George Sibley",male,0.83,1,1,29106,18.75,,S,1
69,2,"Chapman, Mr. John Henry",male,37.0,1,0,SC/AH 29037,26.0,,S,0
70,3,"Jonsson, Mr. Carl",male,32.0,0,0,350417,7.8542,,S,1
71,1,"Smith, Mr. James Clinch",male,56.0,0,0,17764,30.6958,A7,C,0
72,3,"Ryan, Mr. Patrick",male,,0,0,371110,24.15,,Q,0
73,2,"Caldwell, Mrs. Albert Francis (Sylvia Mae Harbaugh)",female,22.0,1,1,248738,29.0,,S,1
74,1,"Sutton, Mr. Frederick",male,61.0,0,0,36963,32.3208,D50,S,0
75,3,"Sage, Miss. Ada",female,,8,2,CA. 2343,69.55,,S,0
76,3,"Alexander, Mr. William",male,26.0,0,0,3474,7.8875,,S,0
77,1,"Gee, Mr. Arthur H",male,47.0,0,0,111320,38.5,E63,S,0
78,3,"Riihivouri, Miss. Susanna Juhantytar ""Sanni""",female,22.0,0,0,3101295,39.6875,,S,0
79,2,"Bowenur, Mr. Solomon",male,42.0,0,0,211535,13.0,,S,0
80,3,"Lockyer, Mr. Edward",male,,0,0,1222,7.8792,,S,0
81,3,"Mernagh, Mr. Robert",male,,0,0,368703,7.75,,Q,0
82,3,"Wenzel, Mr. Linhart",male,32.5,0,0,345775,9.5,,S,0
83,3,"Smiljanic, Mr. Mile",male,,0,0,315037,8.6625,,S,0
84,1,"Seward, Mr. Frederic Kimber",male,34.0,0,0,113794,26.55,,S,1
85,1,"Warren, Mr. Frank Manley",male,64.0,1,0,110813,75.25,D37,C,0
86,3,"Pasic, Mr. Jakob",male,21.0,0,0,315097,8.6625,,S,0
87,1,"Douglas, Mr. Walter Donald",male,50.0,1,0,PC 17761,106.425,C86,C,0
88,2,"Morley, Mr. Henry Samuel (""Mr Henry Marshall"")",male,39.0,0,0,250655,26.0,,S,0
89,3,"Carlsson, Mr. August Sigfrid",male,28.0,0,0,350042,7.7958,,S,0
90,2,"Hocking, Miss. Ellen ""Nellie""",female,20.0,2,1,29105,23.0,,S,1
91,1,"Thayer, Mrs. John Borland (Marian Longstreth Morris)",female,39.0,1,1,17421,110.8833,C68,C,1
92,1,"Butt, Major. Archibald Willingham",male,45.0,0,0,113050,26.55,B38,S,0
93,1,"Sagesser, Mlle. Emma",female,24.0,0,0,PC 17477,69.3,B35,C,1
94,3,"Oreskovic, Miss. Marija",female,20.0,0,0,315096,8.6625,,S,0
95,3,"Badman, Miss. Emily Louisa",female,18.0,0,0,A/4 31416,8.05,,S,1
96,3,"Tomlin, Mr. Ernest Portage",male,30.5,0,0,364499,8.05,,S,0
97,3,"Hakkarainen, Mrs. Pekka Pietari (Elin Matilda Dolck)",female,24.0,1,0,STON/O2. 3101279,15.85,,S,1
98,2,"Davies, Master. John Morgan Jr",male,8.0,1,1,C.A. 33112,36.75,,S,1
99,3,"Kelly, Miss. Anna Katherine ""Annie Kate""",female,,0,0,9234,7.75,,Q,1
100,1,"Goldenberg, Mr. Samuel L",male,49.0,1,0,17453,89.1042,C92,C,1
101,3,"Mannion, Miss. Margareth",female,,0,0,36866,7.7375,,Q,1
102,1,"Shutes, Miss. Elizabeth W",female,40.0,0,0,PC 17582,153.4625,C125,S,1
103,3,"Johnson, Master. Harold Theodor",male,4.0,1,1,347742,11.1333,,S,1
104,1,"Cumings, Mr. John Bradley",male,39.0,1,0,PC 17599,71.2833,C85,C,0
105,1,"Robbins, Mr. Victor",male,,0,0,PC 17757,227.525,,C,0
106,3,"Hellstrom, Miss. Hilda Maria",female,22.0,0,0,7548,8.9625,,S,1
107,3,"Madsen, Mr. Fridtjof Arne",male,24.0,0,0,C 17369,7.1417,,S,1
108,1,"Wright, Mr. George",male,62.0,0,0,113807,26.55,,S,0
109,3,"Touma, Miss. Maria Youssef",female,9.0,1,1,2650,15.2458,,C,1
110,3,"Nancarrow, Mr. William Henry",male,33.0,0,0,A./5. 3338,8.05,,S,0
111,3,"Sage, Miss. Dorothy Edith ""Dolly""",female,,8,2,CA. 2343,69.55,,S,0
112,2,"Mellinger, Miss. Madeleine Violet",female,13.0,0,1,250644,19.5,,S,1
113,3,"Radeff, Mr. Alexander",male,,0,0,349223,7.8958,,S,0
114,2,"Laroche, Miss. Simonne Marie Anne Andree",female,3.0,1,2,SC/Paris 2123,41.5792,,C,1
115,3,"Webber, Mr. James",male,,0,0,SOTON/OQ 3101316,8.05,,S,0
116,2,"Nicholls, Mr. Joseph Charles",male,19.0,1,1,C.A. 33112,36.75,,S,0
117,1,"Dulles, Mr. William Crothers",male,39.0,0,0,PC 17580,29.7,A18,C,0
118,3,"de Pelsmaeker, Mr. Alfons",male,16.0,0,0,345778,9.5,,S,0
119,1,"Warren, Mrs. Frank Manley (Anna Sophia Atkinson)",female,60.0,1,0,110813,75.25,D37,C,1
120,2,"Beauchamp, Mr. Henry James",male,28.0,0,0,244358,26.0,,S,0
121,3,"Torfa, Mr. Assad",male,,0,0,2673,7.2292,,C,0
122,3,"Peacock, Mrs. Benjamin (Edith Nile)",female,26.0,0,2,SOTON/O.Q. 3101315,13.775,,S,0
123,3,"Abrahamsson, Mr. Abraham August Johannes",male,20.0,0,0,SOTON/O2 3101284,7.925,,S,1
124,3,"Braund, Mr. Lewis Richard",male,29.0,1,0,3460,7.0458,,S,0
125,2,"Enander, Mr. Ingvar",male,21.0,0,0,236854,13.0,,S,0
126,1,"Kenyon, Mrs. Frederick R (Marion)",female,,1,0,17464,51.8625,D21,S,1
127,3,"Carr, Miss. Jeannie",female,37.0,0,0,368364,7.75,,Q,0
128,3,"Davison, Mr. Thomas Henry",male,,1,0,386525,16.1,,S,0
129,1,"McGough, Mr. James Robert",male,36.0,0,0,PC 17473,26.2875,E25,S,1
130,3,"Spinner, Mr. Henry John",male,32.0,0,0,STON/OQ. 369943,8.05,,S,0
131,3,"Nilsson, Miss. Berta Olivia",female,18.0,0,0,347066,7.775,,S,1
132,2,"Downton, Mr. William James",male,54.0,0,0,28403,26.0,,S,0
133,1,"Spedden, Mrs. Frederic Oakley (Margaretta Corning Stone)",female,40.0,1,1,16966,134.5,E34,C,1
134,3,"Olsvigen, Mr. Thor Anderson",male,20.0,0,0,6563,9.225,,S,0
135,2,"Bystrom, Mrs. (Karolina)",female,42.0,0,0,236852,13.0,,S,1
136,1,"Allen, Miss. Elisabeth Walton",female,29.0,0,0,24160,211.3375,B5,S,1
137,3,"Drapkin, Miss. Jennie",female,23.0,0,0,SOTON/OQ 392083,8.05,,S,1
138,3,"Rice, Master. George Hugh",male,8.0,4,1,382652,29.125,,Q,0
139,1,"Cornell, Mrs. Robert Clifford (Malvina Helen Lamson)",female,55.0,2,0,11770,25.7,C101,S,1
140,3,"Skoog, Master. Karl Thorsten",male,10.0,3,2,347088,27.9,,S,0
141,1,"Carter, Miss. Lucile Polk",female,14.0,1,2,113760,120.0,B96 B98,S,1
142,1,"Potter, Mrs. Thomas Jr (Lily Alexenia Wilson)",female,56.0,0,1,11767,83.1583,C50,C,1
143,3,"Jardin, Mr. Jose Neto",male,,0,0,SOTON/O.Q. 3101305,7.05,,S,0
144,3,"Finoli, Mr. Luigi",male,,0,0,SOTON/O.Q. 3101308,7.05,,S,1
145,3,"Samaan, Mr. Youssef",male,,2,0,2662,21.6792,,C,0
146,3,"Peter, Mrs. Catherine (Catherine Rizk)",female,,0,2,2668,22.3583,,C,1
147,3,"Lulic, Mr. Nikola",male,27.0,0,0,315098,8.6625,,S,1
148,3,"Culumovic, Mr. Jeso",male,17.0,0,0,315090,8.6625,,S,0
149,1,"Fortune, Miss. Mabel Helen",female,23.0,3,2,19950,263.0,C23 C25 C27,S,1
150,3,"Gronnestad, Mr. Daniel Danielsen",male,32.0,0,0,8471,8.3625,,S,0
151,1,"Wilson, Miss. Helen Alice",female,31.0,0,0,16966,134.5,E39 E41,C,1
152,2,"Pengelly, Mr. Frederick William",male,19.0,0,0,28665,10.5,,S,0
153,1,"Kimball, Mrs. Edwin Nelson Jr (Gertrude Parsons)",female,45.0,1,0,11753,52.5542,D19,S,1
154,2,"Navratil, Mr. Michel (""Louis M Hoffman"")",male,36.5,0,2,230080,26.0,F2,S,0
155,3,"Johannesen-Bratthammer, Mr. Bernt",male,,0,0,65306,8.1125,,S,1
156,3,"Emir, Mr. Farred Chehab",male,,0,0,2631,7.225,,C,0
157,1,"Rowe, Mr. Alfred G",male,33.0,0,0,113790,26.55,,S,0
158,3,"Rasmussen, Mrs. (Lena Jacobsen Solvang)",female,,0,0,65305,8.1125,,S,0
159,3,"Meo, Mr. Alfonzo",male,55.5,0,0,A.5. 11206,8.05,,S,0
160,3,"Wiseman, Mr. Phillippe",male,,0,0,A/4. 34244,7.25,,S,0
161,1,"Romaine, Mr. Charles Hallace (""Mr C Rolmane"")",male,45.0,0,0,111428,26.55,,S,1
162,3,"Naughton, Miss. Hannah",female,,0,0,365237,7.75,,Q,0
163,3,"Saad, Mr. Khalil",male,25.0,0,0,2672,7.225,,C,0
164,1,"Stephenson, Mrs. Walter Bertram (Martha Eustis)",female,52.0,1,0,36947,78.2667,D20,C,1
165,2,"Karnes, Mrs. J Frank (Claire Bennett)",female,22.0,0,0,F.C.C. 13534,21.0,,S,0
166,3,"Panula, Master. Urho Abraham",male,2.0,4,1,3101295,39.6875,,S,0
167,3,"Ford, Miss. Robina Maggie ""Ruby""",female,9.0,2,2,W./C. 6608,34.375,,S,0
168,3,"Allum, Mr. Owen George",male,18.0,0,0,2223,8.3,,S,0
169,3,"Bowen, Mr. David John ""Dai""",male,21.0,0,0,54636,16.1,,S,0
170,3,"Minkoff, Mr. Lazar",male,21.0,0,0,349211,7.8958,,S,0
171,3,"Sirota, Mr. Maurice",male,,0,0,392092,8.05,,S,0
172,3,"Vande Walle, Mr. Nestor Cyriel",male,28.0,0,0,345770,9.5,,S,0
173,3,"Foo, Mr. Choong",male,,0,0,1601,56.4958,,S,1
174,2,"Mallet, Mr. Albert",male,31.0,1,1,S.C./PARIS 2079,37.0042,,C,0
175,3,"Slabenoff, Mr. Petco",male,,0,0,349214,7.8958,,S,0
176,3,"Wiklund, Mr. Jakob Alfred",male,18.0,1,0,3101267,6.4958,,S,0
177,3,"Burke, Mr. Jeremiah",male,19.0,0,0,365222,6.75,,Q,0
178,3,"Moor, Mrs. (Beila)",female,27.0,0,1,392096,12.475,E121,S,1
179,3,"Andersson, Miss. Ingeborg Constanzia",female,9.0,4,2,347082,31.275,,S,0
180,3,"Cann, Mr. Ernest Charles",male,21.0,0,0,A./5. 2152,8.05,,S,0
181,3,"Lyntakoff, Mr. Stanko",male,,0,0,349235,7.8958,,S,0
182,1,"Hilliard, Mr. Herbert Henry",male,,0,0,17463,51.8625,E46,S,0
183,3,"Braund, Mr. Owen Harris",male,22.0,1,0,A/5 21171,7.25,,S,0
184,1,"Ryerson, Miss. Susan Parker ""Suzette""",female,21.0,2,2,PC 17608,262.375,B57 B59 B63 B66,C,1
185,3,"Shine, Miss. Ellen Natalia",female,,0,0,330968,7.7792,,Q,1
186,3,"Andersen, Mr. Albert Karvin",male,32.0,0,0,C 4001,22.525,,S,0
187,1,"Gibson, Miss. Dorothy Winifred",female,22.0,0,1,112378,59.4,,C,1
188,1,"Brewe, Dr. Arthur Jackson",male,,0,0,112379,39.6,,C,0
189,1,"Roebling, Mr. Washington Augustus II",male,31.0,0,0,PC 17590,50.4958,A24,S,0
190,2,"Kelly, Mrs. Florence ""Fannie""",female,45.0,0,0,223596,13.5,,S,1
191,2,"Renouf, Mr. Peter Henry",male,34.0,1,0,31027,21.0,,S,0
192,3,"Nosworthy, Mr. Richard Cater",male,21.0,0,0,A/4. 39886,7.8,,S,0
193,3,"Rice, Master. Albert",male,10.0,4,1,382652,29.125,,Q,0
194,2,"Caldwell, Master. Alden Gates",male,0.83,0,2,248738,29.0,,S,1
195,3,"Osen, Mr. Olaf Elon",male,16.0,0,0,7534,9.2167,,S,0
196,1,"Hipkins, Mr. William Edward",male,55.0,0,0,680,50.0,C39,S,0
197,2,"Howard, Mr. Benjamin",male,63.0,1,0,24065,26.0,,S,0
198,3,"McCarthy, Miss. Catherine ""Katie""",female,,0,0,383123,7.75,,Q,1
199,3,"Dyker, Mr. Adolf Fredrik",male,23.0,1,0,347072,13.9,,S,0
200,3,"Touma, Mrs. Darwis (Hanne Youssef Razi)",female,29.0,0,2,2650,15.2458,,C,1
201,1,"Blank, Mr. Henry",male,40.0,0,0,112277,31.0,A31,C,1
202,3,"Lovell, Mr. John Hall (""Henry"")",male,20.5,0,0,A/5 21173,7.25,,S,0
203,2,"Veal, Mr. James",male,40.0,0,0,28221,13.0,,S,0
204,3,"Nieminen, Miss. Manta Josefina",female,29.0,0,0,3101297,7.925,,S,0
205,3,"Stoytcheff, Mr. Ilia",male,19.0,0,0,349205,7.8958,,S,0
206,1,"Davidson, Mrs. Thornton (Orian Hays)",female,27.0,1,2,F.C. 12750,52.0,B71,S,1
207,3,"Elias, Mr. Joseph Jr",male,17.0,1,1,2690,7.2292,,C,0
208,3,"Razi, Mr. Raihed",male,,0,0,2629,7.2292,,C,0
209,1,"Blackwell, Mr. Stephen Weart",male,45.0,0,0,113784,35.5,T,S,0
210,1,"Newell, Miss. Madeleine",female,31.0,1,0,35273,113.275,D36,C,1
211,2,"Hodges, Mr. Henry Price",male,50.0,0,0,250643,13.0,,S,0
212,3,"Thomas, Mrs. Alexander (Thamine ""Thelma"")",female,16.0,1,1,2625,8.5167,,C,1
213,3,"Asplund, Master. Clarence Gustaf Hugo",male,9.0,4,2,347077,31.3875,,S,0
214,3,"Andersson, Mr. Johan Samuel",male,26.0,0,0,347075,7.775,,S,0
215,3,"Lam, Mr. Ali",male,,0,0,1601,56.4958,,S,1
216,2,"Pernot, Mr. Rene",male,,0,0,SC/PARIS 2131,15.05,,C,0
217,3,"Hansen, Mr. Henrik Juul",male,26.0,1,0,350025,7.8542,,S,0
218,3,"O'Connor, Mr. Maurice",male,,0,0,371060,7.75,,Q,0
219,1,"Fortune, Mr. Charles Alexander",male,19.0,3,2,19950,263.0,C23 C25 C27,S,0
220,3,"Ekstrom, Mr. Johan",male,45.0,0,0,347061,6.975,,S,0
221,3,"McDermott, Miss. Brigdet Delia",female,,0,0,330932,7.7875,,Q,1
222,3,"Saether, Mr. Simon Sivertsen",male,38.5,0,0,SOTON/O.Q. 3101262,7.25,,S,0
223,3,"Hassan, Mr. Houssein G N",male,11.0,0,0,2699,18.7875,,C,0
224,3,"Calic, Mr. Petar",male,17.0,0,0,315086,8.6625,,S,0
225,2,"Hold, Mrs. Stephen (Annie Margaret Hill)",female,29.0,1,0,26707,26.0,,S,1
226,3,"Zakarian, Mr. Mapriededer",male,26.5,0,0,2656,7.225,,C,0
227,3,"Christmann, Mr. Emil",male,29.0,0,0,343276,8.05,,S,0
228,3,"Mionoff, Mr. Stoytcho",male,28.0,0,0,349207,7.8958,,S,0
229,3,"Saade, Mr. Jean Nassr",male,,0,0,2676,7.225,,C,0
230,1,"Crosby, Mrs. Edward Gifford (Catherine Elizabeth Halstead)",female,64.0,1,1,112901,26.55,B26,S,1
231,3,"Vestrom, Miss. Hulda Amanda Adolfina",female,14.0,0,0,350406,7.8542,,S,0
232,2,"Wells, Master. Ralph Lester",male,2.0,1,1,29103,23.0,,S,1
233,3,"Olsen, Master. Artur Karl",male,9.0,0,1,C 17368,3.1708,,S,1
234,2,"Abelson, Mr. Samuel",male,30.0,1,0,P/PP 3381,24.0,,C,0
235,2,"Collyer, Miss. Marjorie ""Lottie""",female,8.0,0,2,C.A. 31921,26.25,,S,1
236,2,"Phillips, Miss. Alice Frances Louisa",female,21.0,0,1,S.O./P.P. 2,21.0,,S,1
237,1,"Clifford, Mr. George Quincy",male,,0,0,110465,52.0,A14,S,0
238,1,"Compton, Mrs. Alexander Taylor (Mary Eliza Ingersoll)",female,64.0,0,2,PC 17756,83.1583,E45,C,1
239,3,"Chronopoulos, Mr. Apostolos",male,26.0,1,0,2680,14.4542,,C,0
240,2,"Shelley, Mrs. William (Imanita Parrish Hall)",female,25.0,0,1,230433,26.0,,S,1
241,3,"McNamee, Mrs. Neal (Eileen O'Leary)",female,19.0,1,0,376566,16.1,,S,0
242,3,"Pedersen, Mr. Olaf",male,,0,0,345498,7.775,,S,0
243,1,"Daly, Mr. Peter Denis ",male,51.0,0,0,113055,26.55,E17,S,1
244,3,"Wiklund, Mr. Karl Johan",male,21.0,1,0,3101266,6.4958,,S,0
245,3,"Attalah, Miss. Malake",female,17.0,0,0,2627,14.4583,,C,0
246,1,"Chisholm, Mr. Roderick Robert Crispin",male,,0,0,112051,0.0,,S,0
247,2,"Harbeck, Mr. William H",male,44.0,0,0,248746,13.0,,S,0
248,1,"Pears, Mrs. Thomas (Edith Wearne)",female,22.0,1,0,113776,66.6,C2,S,1
249,3,"Lefebre, Miss. Jeannie",female,,3,1,4133,25.4667,,S,0
250,3,"Pearce, Mr. Ernest",male,,0,0,343271,7.0,,S,0
251,3,"Calic, Mr. Jovo",male,17.0,0,0,315093,8.6625,,S,0
252,3,"Foley, Mr. William",male,,0,0,365235,7.75,,Q,0
253,3,"Davies, Mr. Joseph",male,17.0,2,0,A/4 48873,8.05,,S,0
254,1,"Stahelin-Maeglin, Dr. Max",male,32.0,0,0,13214,30.5,B50,C,1
255,3,"Goldsmith, Mr. Frank John",male,33.0,1,1,363291,20.525,,S,0
256,3,"Danbom, Master. Gilbert Sigvard Emanuel",male,0.33,0,2,347080,14.4,,S,0
257,2,"Wilhelms, Mr. Charles",male,31.0,0,0,244270,13.0,,S,1
258,3,"Peltomaki, Mr. Nikolai Johannes",male,25.0,0,0,STON/O 2. 3101291,7.925,,S,0
259,2,"Mallet, Master. Andre",male,1.0,0,2,S.C./PARIS 2079,37.0042,,C,1
260,3,"Oreskovic, Mr. Luka",male,20.0,0,0,315094,8.6625,,S,0
261,1,"Kent, Mr. Edward Austin",male,58.0,0,0,11771,29.7,B37,C,0
262,1,"Holverson, Mr. Alexander Oskar",male,42.0,1,0,113789,52.0,,S,0
263,3,"Tikkanen, Mr. Juho",male,32.0,0,0,STON/O 2. 3101293,7.925,,S,0
264,1,"Hogeboom, Mrs. John C (Anna Andrews)",female,51.0,1,0,13502,77.9583,D11,S,1
265,2,"Duran y More, Miss. Florentina",female,30.0,1,0,SC/PARIS 2148,13.8583,,C,1
266,3,"Sandstrom, Miss. Beatrice Irene",female,1.0,1,1,PP 9549,16.7,G6,S,1
267,1,"Beckwith, Mr. Richard Leonard",male,37.0,1,1,11751,52.5542,D35,S,1
268,3,"McEvoy, Mr. Michael",male,,0,0,36568,15.5,,Q,0
269,3,"Simmons, Mr. John",male,,0,0,SOTON/OQ 392082,8.05,,S,0
270,3,"Eklund, Mr. Hans Linus",male,16.0,0,0,347074,7.775,,S,0
271,3,"Lefebre, Miss. Ida",female,,3,1,4133,25.4667,,S,0
272,1,"Molson, Mr. Harry Markland",male,55.0,0,0,113787,30.5,C30,S,0
273,2,"Walcroft, Miss. Nellie",female,31.0,0,0,F.C.C. 13528,21.0,,S,1
274,2,"Matthews, Mr. William John",male,30.0,0,0,28228,13.0,,S,0
275,3,"Khalil, Mrs. Betros (Zahie ""Maria"" Elias)",female,,1,0,2660,14.4542,,C,0
276,3,"Sdycoff, Mr. Todor",male,,0,0,349222,7.8958,,S,0
277,3,"Skoog, Master. Harald",male,4.0,3,2,347088,27.9,,S,0
278,3,"Heikkinen, Miss. Laina",female,26.0,0,0,STON/O2. 3101282,7.925,,S,1
279,3,"Klasen, Mr. Klas Albin",male,18.0,1,1,350404,7.8542,,S,0
280,2,"Gillespie, Mr. William Henry",male,34.0,0,0,12233,13.0,,S,0
281,1,"Weir, Col. John",male,60.0,0,0,113800,26.55,,S,0
282,3,"Bourke, Mrs. John (Catherine)",female,32.0,1,1,364849,15.5,,Q,0
283,3,"Youseff, Mr. Gerious",male,45.5,0,0,2628,7.225,,C,0
284,2,"Rugg, Miss. Emily",female,21.0,0,0,C.A. 31026,10.5,,S,1
285,3,"Kelly, Miss. Mary",female,,0,0,14312,7.75,,Q,1
286,2,"Kantor, Mr. Sinai",male,34.0,1,0,244367,26.0,,S,0
287,3,"Danbom, Mrs. Ernst Gilbert (Anna Sigrid Maria Brogren)",female,28.0,1,1,347080,14.4,,S,0
288,3,"Tornquist, Mr. William Henry",male,25.0,0,0,LINE,0.0,,S,1
289,2,"Byles, Rev. Thomas Roussel Davids",male,42.0,0,0,244310,13.0,,S,0
290,3,"Karlsson, Mr. Einar Gervasius",male,21.0,0,0,350053,7.7958,,S,1
291,1,"Rothschild, Mr. Martin",male,55.0,1,0,PC 17603,59.4,,C,0
292,1,"Taussig, Mrs. Emil (Tillie Mandelbaum)",female,39.0,1,1,110413,79.65,E67,S,1
293,3,"Svensson, Mr. Johan",male,74.0,0,0,347060,7.775,,S,0
294,1,"Uruchurtu, Don. Manuel E",male,40.0,0,0,PC 17601,27.7208,,C,0
295,2,"Hold, Mr. Stephen",male,44.0,1,0,26707,26.0,,S,0
296,3,"Betros, Mr. Tannous",male,20.0,0,0,2648,4.0125,,C,0
297,3,"Lundstrom, Mr. Thure Edvin",male,32.0,0,0,350403,7.5792,,S,1
298,3,"Danbom, Mr. Ernst Gilbert",male,34.0,1,1,347080,14.4,,S,0
299,1,"Dodge, Master. Washington",male,4.0,0,2,33638,81.8583,A34,S,1
300,3,"Connors, Mr. Patrick",male,70.5,0,0,370369,7.75,,Q,0
301,1,"Harper, Mrs. Henry Sleeper (Myna Haxtun)",female,49.0,1,0,PC 17572,76.7292,D33,C,1
302,3,"Emanuel, Miss. Virginia Ethel",female,5.0,0,0,364516,12.475,,S,1
303,2,"Troupiansky, Mr. Moses Aaron",male,23.0,0,0,233639,13.0,,S,0
304,1,"Crosby, Capt. Edward Gifford",male,70.0,1,1,WE/P 5735,71.0,B22,S,0
305,1,"Ward, Miss. Anna",female,35.0,0,0,PC 17755,512.3292,,C,1
306,3,"Jalsevac, Mr. Ivan",male,29.0,0,0,349240,7.8958,,C,1
307,2,"de Brito, Mr. Jose Joaquim",male,32.0,0,0,244360,13.0,,S,0
308,3,"Ford, Mr. Arthur",male,,0,0,A/5 1478,8.05,,S,0
309,3,"Coutts, Mrs. William (Winnie ""Minnie"" Treanor)",female,36.0,0,2,C.A. 37671,15.9,,S,1
310,2,"Andrew, Mr. Frank Thomas",male,25.0,0,0,C.A. 34050,10.5,,S,0
311,2,"Ball, Mrs. (Ada E Hall)",female,36.0,0,0,28551,13.0,D,S,1
312,3,"Riordan, Miss. Johanna ""Hannah""",female,,0,0,334915,7.7208,,Q,1
313,1,"Ringhini, Mr. Sante",male,22.0,0,0,PC 17760,135.6333,,C,0
314,3,"de Messemaeker, Mr. Guillaume Joseph",male,36.5,1,0,345572,17.4,,S,1
315,3,"Mamee, Mr. Hanna",male,,0,0,2677,7.2292,,C,1
316,2,"Brown, Mr. Thomas William Solomon",male,60.0,1,1,29750,39.0,,S,0
317,1,"Astor, Col. John Jacob",male,47.0,1,0,PC 17757,227.525,C62 C64,C,0
318,3,"Lindblom, Miss. Augusta Charlotta",female,45.0,0,0,347073,7.75,,S,0
319,3,"Delalic, Mr. Redjo",male,25.0,0,0,349250,7.8958,,S,0
320,2,"Banfield, Mr. Frederick James",male,28.0,0,0,C.A./SOTON 34068,10.5,,S,0
321,2,"Hamalainen, Master. Viljo",male,0.67,1,1,250649,14.5,,S,1
322,2,"Coleridge, Mr. Reginald Charles",male,29.0,0,0,W./C. 14263,10.5,,S,0
323,1,"Hoyt, Mrs. Frederick Maxfield (Jane Anne Forby)",female,35.0,1,0,19943,90.0,C93,S,1
324,3,"Coutts, Master. Eden Leslie ""Neville""",male,9.0,1,1,C.A. 37671,15.9,,S,1
325,3,"Boulos, Mrs. Joseph (Sultana)",female,,0,2,2678,15.2458,,C,0
326,1,"Harrison, Mr. William",male,40.0,0,0,112059,0.0,B94,S,0
327,1,"White, Mr. Richard Frasar",male,21.0,0,1,35281,77.2875,D26,S,0
328,3,"Glynn, Miss. Mary Agatha",female,,0,0,335677,7.75,,Q,1
329,3,"Gustafsson, Mr. Alfred Ossian",male,20.0,0,0,7534,9.8458,,S,0
330,3,"Bourke, Mr. John",male,40.0,1,1,364849,15.5,,Q,0
331,1,"Nicholson, Mr. Arthur Ernest",male,64.0,0,0,693,26.0,,S,0
332,3,"O'Donoghue, Ms. Bridget",female,,0,0,364856,7.75,,Q,0
333,3,"Andreasson, Mr. Paul Edvin",male,20.0,0,0,347466,7.8542,,S,0
334,3,"Wilkes, Mrs. James (Ellen Needs)",female,47.0,1,0,363272,7.0,,S,1
335,3,"Theobald, Mr. Thomas Leonard",male,34.0,0,0,363294,8.05,,S,0
336,1,"Frauenthal, Dr. Henry William",male,50.0,2,0,PC 17611,133.65,,S,1
337,3,"Badt, Mr. Mohamed",male,40.0,0,0,2623,7.225,,C,0
338,3,"Beavan, Mr. William Thomas",male,19.0,0,0,323951,8.05,,S,0
339,3,"Hirvonen, Miss. Hildur E",female,2.0,0,1,3101298,12.2875,,S,1
340,3,"Goodwin, Miss. Lillian Amy",female,16.0,5,2,CA 2144,46.9,,S,0
341,2,"Cook, Mrs. (Selena Rogers)",female,22.0,0,0,W./C. 14266,10.5,F33,S,1
342,3,"Baclini, Miss. Eugenie",female,0.75,2,1,2666,19.2583,,C,1
343,3,"Leonard, Mr. Lionel",male,36.0,0,0,LINE,0.0,,S,0
344,3,"Vander Planke, Miss. Augusta Maria",female,18.0,2,0,345764,18.0,,S,0
345,3,"Hegarty, Miss. Hanora ""Nora""",female,18.0,0,0,365226,6.75,,Q,0
346,3,"Olsson, Mr. Oscar Wilhelm",male,32.0,0,0,347079,7.775,,S,1
347,2,"Wheadon, Mr. Edward H",male,66.0,0,0,C.A. 24579,10.5,,S,0
348,3,"Petranec, Miss. Matilda",female,28.0,0,0,349245,7.8958,,S,0
349,3,"Ford, Miss. Doolina Margaret ""Daisy""",female,21.0,2,2,W./C. 6608,34.375,,S,0
350,3,"Abbott, Master. Eugene Joseph",male,13.0,0,2,C.A. 2673,20.25,,S,0
351,3,"Sandstrom, Mrs. Hjalmar (Agnes Charlotta Bengtsson)",female,24.0,0,2,PP 9549,16.7,G6,S,1
352,3,"Dean, Mrs. Bertram (Eva Georgetta Light)",female,33.0,1,2,C.A. 2315,20.575,,S,1
353,2,"Yrois, Miss. Henriette (""Mrs Harbeck"")",female,24.0,0,0,248747,13.0,,S,0
354,3,"Olsson, Miss. Elina",female,31.0,0,0,350407,7.8542,,S,0
355,3,"Nasr, Mr. Mustafa",male,,0,0,2652,7.2292,,C,0
356,1,"Graham, Miss. Margaret Edith",female,19.0,0,0,112053,30.0,B42,S,1
357,1,"Lurette, Miss. Elise",female,58.0,0,0,PC 17569,146.5208,B80,C,1
358,2,"Botsford, Mr. William Hull",male,26.0,0,0,237670,13.0,,S,0
359,1,"Allison, Master. Hudson Trevor",male,0.92,1,2,113781,151.55,C22 C26,S,1
360,2,"Renouf, Mrs. Peter Henry (Lillian Jefferys)",female,30.0,3,0,31027,21.0,,S,1
361,3,"Backstrom, Mrs. Karl Alfred (Maria Mathilda Gustafsson)",female,33.0,3,0,3101278,15.85,,S,1
362,1,"Hawksford, Mr. Walter James",male,,0,0,16988,30.0,D45,S,1
363,2,"Fox, Mr. Stanley Hubert",male,36.0,0,0,229236,13.0,,S,0
364,1,"Brandeis, Mr. Emil",male,48.0,0,0,PC 17591,50.4958,B10,C,0
365,1,"Barber, Miss. Ellen ""Nellie""",female,26.0,0,0,19877,78.85,,S,1
366,3,"Gilnagh, Miss. Katherine ""Katie""",female,16.0,0,0,35851,7.7333,,Q,1
367,2,"Meyer, Mr. August",male,39.0,0,0,248723,13.0,,S,0
368,2,"Bryhl, Miss. Dagmar Jenny Ingeborg ",female,20.0,1,0,236853,26.0,,S,1
369,1,"Spencer, Mr. William Augustus",male,57.0,1,0,PC 17569,146.5208,B78,C,0
370,2,"Williams, Mr. Charles Eugene",male,,0,0,244373,13.0,,S,1
371,3,"Vanden Steen, Mr. Leo Peter",male,28.0,0,0,345783,9.5,,S,0
372,2,"Howard, Mrs. Benjamin (Ellen Truelove Arman)",female,60.0,1,0,24065,26.0,,S,0
373,1,"Straus, Mr. Isidor",male,67.0,1,0,PC 17483,221.7792,C55 C57,S,0
374,3,"Murphy, Miss. Katherine ""Kate""",female,,1,0,367230,15.5,,Q,1
375,3,"Hampe, Mr. Leon",male,20.0,0,0,345769,9.5,,S,0
376,3,"Caram, Mrs. Joseph (Maria Elias)",female,,1,0,2689,14.4583,,C,0
377,2,"Buss, Miss. Kate",female,36.0,0,0,27849,13.0,,S,1
378,1,"Williams, Mr. Charles Duane",male,51.0,0,1,PC 17597,61.3792,,C,0
379,3,"Cacic, Miss. Marija",female,30.0,0,0,315084,8.6625,,S,0
380,2,"Mellinger, Mrs. (Elizabeth Anne Maidment)",female,41.0,0,1,250644,19.5,,S,1
381,3,"Pavlovic, Mr. Stefo",male,32.0,0,0,349242,7.8958,,S,0
382,3,"Goldsmith, Mrs. Frank John (Emily Alice Brown)",female,31.0,1,1,363291,20.525,,S,1
383,1,"Daniel, Mr. Robert Williams",male,27.0,0,0,113804,30.5,,S,1
384,2,"Gale, Mr. Harry",male,38.0,1,0,28664,21.0,,S,0
385,1,"Lesurer, Mr. Gustave J",male,35.0,0,0,PC 17755,512.3292,B101,C,1
386,3,"Niskanen, Mr. Juha",male,39.0,0,0,STON/O 2. 3101289,7.925,,S,1
387,1,"Bowen, Miss. Grace Scott",female,45.0,0,0,PC 17608,262.375,,C,1
388,3,"Johnson, Mr. William Cahoone Jr",male,19.0,0,0,LINE,0.0,,S,0
389,2,"Mallet, Mrs. Albert (Antoinette Magnin)",female,24.0,1,1,S.C./PARIS 2079,37.0042,,C,1
390,3,"Healy, Miss. Hanora ""Nora""",female,,0,0,370375,7.75,,Q,1
391,3,"Ryan, Mr. Edward",male,,0,0,383162,7.75,,Q,1
392,2,"Myles, Mr. Thomas Francis",male,62.0,0,0,240276,9.6875,,Q,0
393,2,"Kvillner, Mr. Johan Henrik Johannesson",male,31.0,0,0,C.A. 18723,10.5,,S,0
394,3,"Williams, Mr. Howard Hugh ""Harry""",male,,0,0,A/5 2466,8.05,,S,0
395,3,"Dennis, Mr. William",male,36.0,0,0,A/5 21175,7.25,,S,0
396,2,"Harris, Mr. George",male,62.0,0,0,S.W./PP 752,10.5,,S,1
397,3,"McNeill, Miss. Bridget",female,,0,0,370368,7.75,,Q,0
398,1,"Lindeberg-Lind, Mr. Erik Gustaf (""Mr Edward Lingrey"")",male,42.0,0,0,17475,26.55,,S,0
399,3,"Davies, Mr. Alfred J",male,24.0,2,0,A/4 48871,24.15,,S,0
400,2,"Moraweck, Dr. Ernest",male,54.0,0,0,29011,14.0,,S,0
401,1,"Brown, Mrs. James Joseph (Margaret Tobin)",female,44.0,0,0,PC 17610,27.7208,B4,C,1
402,2,"Baimbrigge, Mr. Charles Robert",male,23.0,0,0,C.A. 31030,10.5,,S,0
403,3,"Waelens, Mr. Achille",male,22.0,0,0,345767,9.0,,S,0
404,2,"Caldwell, Mr. Albert Francis",male,26.0,1,1,248738,29.0,,S,1
405,2,"Laroche, Mrs. Joseph (Juliette Marie Louise Lafargue)",female,22.0,1,2,SC/Paris 2123,41.5792,,C,1
406,2,"Jarvis, Mr. John Denzil",male,47.0,0,0,237565,15.0,,S,0
407,1,"Case, Mr. Howard Brown",male,49.0,0,0,19924,26.0,,S,0
408,3,"Rice, Master. Eugene",male,2.0,4,1,382652,29.125,,Q,0
409,3,"Vander Planke, Mr. Julius",male,31.0,3,0,345763,18.0,,S,0
410,3,"Sage, Master. Thomas Henry",male,,8,2,CA. 2343,69.55,,S,0
411,1,"Simonius-Blumer, Col. Oberst Alfons",male,56.0,0,0,13213,35.5,A26,C,1
412,3,"Karaic, Mr. Milan",male,30.0,0,0,349246,7.8958,,S,0
413,1,"Lindstrom, Mrs. Carl Johan (Sigrid Posse)",female,55.0,0,0,112377,27.7208,,C,1
414,3,"Panula, Mr. Ernesti Arvid",male,16.0,4,1,3101295,39.6875,,S,0
415,1,"Spedden, Master. Robert Douglas",male,6.0,0,2,16966,134.5,E34,C,1
416,3,"Sage, Miss. Stella Anna",female,,8,2,CA. 2343,69.55,,S,0
417,3,"Saad, Mr. Amin",male,,0,0,2671,7.2292,,C,0
418,3,"Assam, Mr. Ali",male,23.0,0,0,SOTON/O.Q. 3101309,7.05,,S,0
419,3,"Dooley, Mr. Patrick",male,32.0,0,0,370376,7.75,,Q,0
420,1,"Taussig, Miss. Ruth",female,18.0,0,2,110413,79.65,E68,S,1
421,2,"Hickman, Mr. Lewis",male,32.0,2,0,S.O.C. 14879,73.5,,S,0
422,1,"Earnshaw, Mrs. Boulton (Olive Potter)",female,23.0,0,1,11767,83.1583,C54,C,1
423,3,"McCormack, Mr. Thomas Joseph",male,,0,0,367228,7.75,,Q,1
424,1,"Hays, Mr. Charles Melville",male,55.0,1,1,12749,93.5,B69,S,0
425,3,"Sivola, Mr. Antti Wilhelm",male,21.0,0,0,STON/O 2. 3101280,7.925,,S,0
426,1,"Ovies y Rodriguez, Mr. Servando",male,28.5,0,0,PC 17562,27.7208,D43,C,0
427,3,"Markoff, Mr. Marin",male,35.0,0,0,349213,7.8958,,C,0
428,3,"Bostandyeff, Mr. Guentcho",male,26.0,0,0,349224,7.8958,,S,0
429,3,"Sunderland, Mr. Victor Francis",male,16.0,0,0,SOTON/OQ 392089,8.05,,S,1
430,3,"Chip, Mr. Chang",male,32.0,0,0,1601,56.4958,,S,1
431,2,"Milling, Mr. Jacob Christian",male,48.0,0,0,234360,13.0,,S,0
432,3,"Sage, Mr. Douglas Bullen",male,,8,2,CA. 2343,69.55,,S,0
433,2,"Slemen, Mr. Richard James",male,35.0,0,0,28206,10.5,,S,0
434,3,"Rogers, Mr. William John",male,,0,0,S.C./A.4. 23567,8.05,,S,0
435,3,"Lindqvist, Mr. Eino William",male,20.0,1,0,STON/O 2. 3101285,7.925,,S,1
436,1,"Hays, Miss. Margaret Bechstein",female,24.0,0,0,11767,83.1583,C54,C,1
437,1,"Fortune, Miss. Ethel Flora",female,28.0,3,2,19950,263.0,C23 C25 C27,S,1
438,3,"Nicola-Yarred, Master. Elias",male,12.0,1,0,2651,11.2417,,C,1
439,2,"Jerwan, Mrs. Amin S (Marie Marthe Thuillard)",female,23.0,0,0,SC/AH Basle 541,13.7917,D,C,1
440,3,"Panula, Mrs. Juha (Maria Emilia Ojala)",female,41.0,0,5,3101295,39.6875,,S,0
441,2,"Jacobsohn, Mr. Sidney Samuel",male,42.0,1,0,243847,27.0,,S,0
442,2,"Laroche, Miss. Louise",female,1.0,1,2,SC/Paris 2123,41.5792,,C,1
443,1,"Duff Gordon, Lady. (Lucille Christiana Sutherland) (""Mrs Morgan"")",female,48.0,1,0,11755,39.6,A16,C,1
444,2,"Wright, Miss. Marion",female,26.0,0,0,220844,13.5,,S,1
445,3,"Willer, Mr. Aaron (""Abi Weller"")",male,,0,0,3410,8.7125,,S,0
446,2,"Giles, Mr. Ralph",male,24.0,0,0,248726,13.5,,S,0
447,1,"Hassab, Mr. Hammad",male,27.0,0,0,PC 17572,76.7292,D49,C,1
448,1,"Andrews, Mr. Thomas Jr",male,39.0,0,0,112050,0.0,A36,S,0
449,3,"Gustafsson, Mr. Anders Vilhelm",male,37.0,2,0,3101276,7.925,,S,0
450,3,"Markun, Mr. Johann",male,33.0,0,0,349257,7.8958,,S,0
451,3,"Todoroff, Mr. Lalio",male,,0,0,349216,7.8958,,S,0
452,3,"Peacock, Miss. Treasteall",female,3.0,1,1,SOTON/O.Q. 3101315,13.775,,S,0
453,3,"Rice, Master. Arthur",male,4.0,4,1,382652,29.125,,Q,0
454,1,"Millet, Mr. Francis Davis",male,65.0,0,0,13509,26.55,E38,S,0
455,2,"Hickman, Mr. Stanley George",male,21.0,2,0,S.O.C. 14879,73.5,,S,0
456,3,"O'Connell, Mr. Patrick D",male,,0,0,334912,7.7333,,Q,0
457,3,"Crease, Mr. Ernest James",male,19.0,0,0,S.P. 3464,8.1583,,S,0
458,3,"Murphy, Miss. Nora",female,,0,0,36568,15.5,,Q,1
459,3,"Vande Velde, Mr. Johannes Joseph",male,33.0,0,0,345780,9.5,,S,0
460,2,"Hart, Miss. Eva Miriam",female,7.0,0,2,F.C.C. 13529,26.25,,S,1
461,3,"Petroff, Mr. Pastcho (""Pentcho"")",male,,0,0,349215,7.8958,,S,0
462,2,"Chapman, Mrs. John Henry (Sara Elizabeth Lawry)",female,29.0,1,0,SC/AH 29037,26.0,,S,0
463,3,"Mockler, Miss. Helen Mary ""Ellie""",female,,0,0,330980,7.8792,,Q,1
464,2,"Cameron, Miss. Clear Annie",female,35.0,0,0,F.C.C. 13528,21.0,,S,1
465,1,"Allison, Mrs. Hudson J C (Bessie Waldo Daniels)",female,25.0,1,2,113781,151.55,C22 C26,S,0
466,1,"Graham, Mr. George Edward",male,38.0,0,1,PC 17582,153.4625,C91,S,0
467,3,"Abbing, Mr. Anthony",male,42.0,0,0,C.A. 5547,7.55,,S,0
468,3,"Connolly, Miss. Kate",female,30.0,0,0,330972,7.6292,,Q,0
469,3,"Rekic, Mr. Tido",male,38.0,0,0,349249,7.8958,,S,0
470,2,"Hart, Mr. Benjamin",male,43.0,1,1,F.C.C. 13529,26.25,,S,0
471,1,"Cavendish, Mrs. Tyrell William (Julia Florence Siegel)",female,76.0,1,0,19877,78.85,C46,S,1
472,3,"Zimmerman, Mr. Leo",male,29.0,0,0,315082,7.875,,S,0
473,3,"Farrell, Mr. James",male,40.5,0,0,367232,7.75,,Q,0
474,1,"Ryerson, Mrs. Arthur Larned (Emily Maria Borie)",female,48.0,1,3,PC 17608,262.375,B57 B59 B63 B66,C,1
475,3,"Brobeck, Mr. Karl Rudolf",male,22.0,0,0,350045,7.7958,,S,0
476,3,"Kalvik, Mr. Johannes Halvorsen",male,21.0,0,0,8475,8.4333,,S,0
477,1,"Andrews, Miss. Kornelia Theodosia",female,63.0,1,0,13502,77.9583,D7,S,1
478,2,"Herman, Miss. Alice",female,24.0,1,2,220845,65.0,,S,1
479,3,"Ohman, Miss. Velin",female,22.0,0,0,347085,7.775,,S,1
480,1,"Dick, Mr. Albert Adrian",male,31.0,1,0,17474,57.0,B20,S,1
481,1,"Graham, Mrs. William Thompson (Edith Junkins)",female,58.0,0,1,PC 17582,153.4625,C125,S,1
482,3,"Stanley, Miss. Amy Zillah Elsie",female,23.0,0,0,CA. 2314,7.55,,S,1
483,1,"Maguire, Mr. John Edward",male,30.0,0,0,110469,26.0,C106,S,0
484,1,"Endres, Miss. Caroline Louise",female,38.0,0,0,PC 17757,227.525,C45,C,1
485,2,"Reynaldo, Ms. Encarnacion",female,28.0,0,0,230434,13.0,,S,1
486,1,"Crosby, Miss. Harriet R",female,36.0,0,2,WE/P 5735,71.0,B22,S,1
487,2,"Swane, Mr. George",male,18.5,0,0,248734,13.0,F,S,0
488,1,"Greenfield, Mr. William Bertram",male,23.0,0,1,PC 17759,63.3583,D10 D12,C,1
489,3,"Jensen, Mr. Hans Peder",male,20.0,0,0,350050,7.8542,,S,0
490,3,"Torber, Mr. Ernst William",male,44.0,0,0,364511,8.05,,S,0
491,2,"McKane, Mr. Peter David",male,46.0,0,0,28403,26.0,,S,0
492,3,"Celotti, Mr. Francesco",male,24.0,0,0,343275,8.05,,S,0
493,3,"Thorneycroft, Mr. Percival",male,,1,0,376564,16.1,,S,0
494,3,"Staneff, Mr. Ivan",male,,0,0,349208,7.8958,,S,0
495,1,"Ostby, Miss. Helene Ragnhild",female,22.0,0,1,113509,61.9792,B36,C,1
496,2,"Sinkkonen, Miss. Anna",female,30.0,0,0,250648,13.0,,S,1
497,1,"Ryerson, Master. John Borie",male,13.0,2,2,PC 17608,262.375,B57 B59 B63 B66,C,1
498,3,"Andersson, Miss. Ida Augusta Margareta",female,38.0,4,2,347091,7.775,,S,0
499,1,"Cleaver, Miss. Alice",female,22.0,0,0,113781,151.55,,S,1
500,1,"Bradley, Mr. George (""George Arthur Brayton"")",male,,0,0,111427,26.55,,S,1
501,1,"Allison, Mr. Hudson Joshua Creighton",male,30.0,1,2,113781,151.55,C22 C26,S,0
502,3,"Barbara, Miss. Saiide",female,18.0,0,1,2691,14.4542,,C,0
503,2,"Leitch, Miss. Jessie Wills",female,,0,0,248727,33.0,,S,1
504,3,"Sirayanian, Mr. Orsen",male,22.0,0,0,2669,7.2292,,C,0
505,1,"Borebank, Mr. John James",male,42.0,0,0,110489,26.55,D22,S,0
506,1,"Eustis, Miss. Elizabeth Mussey",female,54.0,1,0,36947,78.2667,D20,C,1
507,1,"Head, Mr. Christopher",male,42.0,0,0,113038,42.5,B11,S,0
508,3,"Risien, Mrs. Samuel (Emma)",female,,0,0,364498,14.5,,S,0
509,3,"Rice, Master. Eric",male,7.0,4,1,382652,29.125,,Q,0
510,2,"Phillips, Miss. Kate Florence (""Mrs Kate Louise Phillips Marshall"")",female,19.0,0,0,250655,26.0,,S,1
511,2,"Parkes, Mr. Francis ""Frank""",male,,0,0,239853,0.0,,S,0
512,3,"Brocklebank, Mr. William Alfred",male,35.0,0,0,364512,8.05,,S,0
513,3,"Yasbeck, Mr. Antoni",male,27.0,1,0,2659,14.4542,,C,0
514,3,"Angheloff, Mr. Minko",male,26.0,0,0,349202,7.8958,,S,0
515,1,"Taylor, Mrs. Elmer Zebley (Juliet Cummins Wright)",female,,1,0,19996,52.0,C126,S,1
516,3,"O'Keefe, Mr. Patrick",male,,0,0,368402,7.75,,Q,1
517,3,"Panula, Mr. Jaako Arnold",male,14.0,4,1,3101295,39.6875,,S,0
518,3,"Ali, Mr. William",male,25.0,0,0,SOTON/O.Q. 3101312,7.05,,S,0
519,2,"Padro y Manent, Mr. Julian",male,,0,0,SC/PARIS 2146,13.8625,,C,1
520,2,"Montvila, Rev. Juozas",male,27.0,0,0,211536,13.0,,S,0
521,1,"Hoyt, Mr. William Fisher",male,,0,0,PC 17600,30.6958,,C,0
522,2,"Jefferys, Mr. Ernest Wilfred",male,22.0,2,0,C.A. 31029,31.5,,S,0
523,3,"Baclini, Miss. Helene Barbara",female,0.75,2,1,2666,19.2583,,C,1
524,1,"Harder, Mr. George Achilles",male,25.0,1,0,11765,55.4417,E50,C,1
525,1,"Foreman, Mr. Benjamin Laventall",male,30.0,0,0,113051,27.75,C111,C,0
526,3,"Moubarek, Master. Gerios",male,,1,1,2661,15.2458,,C,1
527,1,"Long, Mr. Milton Clyde",male,29.0,0,0,113501,30.0,D6,S,0
528,2,"Pain, Dr. Alfred",male,23.0,0,0,244278,10.5,,S,0
529,3,"Goodwin, Master. William Frederick",male,11.0,5,2,CA 2144,46.9,,S,0
530,3,"Peters, Miss. Katie",female,,0,0,330935,8.1375,,Q,0
531,2,"Watt, Mrs. James (Elizabeth ""Bessie"" Inglis Milne)",female,40.0,0,0,C.A. 33595,15.75,,S,1
532,2,"Chapman, Mr. Charles Henry",male,52.0,0,0,248731,13.5,,S,0
533,3,"Strom, Miss. Telma Matilda",female,2.0,0,1,347054,10.4625,G6,S,0
534,3,"Keane, Mr. Andrew ""Andy""",male,,0,0,12460,7.75,,Q,0
535,3,"Devaney, Miss. Margaret Delia",female,19.0,0,0,330958,7.8792,,Q,1
536,3,"Dyker, Mrs. Adolf Fredrik (Anna Elisabeth Judith Andersson)",female,22.0,1,0,347072,13.9,,S,1
537,1,"Longley, Miss. Gretchen Fiske",female,21.0,0,0,13502,77.9583,D9,S,1
538,3,"Hakkarainen, Mr. Pekka Pietari",male,28.0,1,0,STON/O2. 3101279,15.85,,S,0
539,3,"Baccos, Mr. Raffull",male,20.0,0,0,2679,7.225,,C,0
540,2,"Jefferys, Mr. Clifford Thomas",male,24.0,2,0,C.A. 31029,31.5,,S,0
541,3,"Cor, Mr. Liudevit",male,19.0,0,0,349231,7.8958,,S,0
542,2,"Faunthorpe, Mrs. Lizzie (Elizabeth Anne Wilkinson)",female,29.0,1,0,2926,26.0,,S,1
543,2,"Hart, Mrs. Benjamin (Esther Ada Bloomfield)",female,45.0,1,1,F.C.C. 13529,26.25,,S,1
544,3,"Lefebre, Mrs. Frank (Frances)",female,,0,4,4133,25.4667,,S,0
545,1,"Lines, Miss. Mary Conover",female,16.0,0,1,PC 17592,39.4,D28,S,1
546,2,"Hickman, Mr. Leonard Mark",male,24.0,2,0,S.O.C. 14879,73.5,,S,0
547,1,"Rosenshine, Mr. George (""Mr George Thorne"")",male,46.0,0,0,PC 17585,79.2,,C,0
548,1,"Ross, Mr. John Hugo",male,36.0,0,0,13049,40.125,A10,C,0
549,3,"Andersson, Miss. Erna Alexandra",female,17.0,4,2,3101281,7.925,,S,1
550,1,"Carlsson, Mr. Frans Olof",male,33.0,0,0,695,5.0,B51 B53 B55,S,0
551,2,"Smith, Miss. Marion Elsie",female,40.0,0,0,31418,13.0,,S,1
552,2,"Christy, Miss. Julie Rachel",female,25.0,1,1,237789,30.0,,S,1
553,3,"Caram, Mr. Joseph",male,,1,0,2689,14.4583,,C,0
554,1,"Rood, Mr. Hugh Roscoe",male,,0,0,113767,50.0,A32,S,0
555,3,"Nakid, Miss. Maria (""Mary"")",female,1.0,0,2,2653,15.7417,,C,1
556,2,"Beane, Mr. Edward",male,32.0,1,0,2908,26.0,,S,1
557,3,"Assaf Khalil, Mrs. Mariana (""Miriam"")",female,45.0,0,0,2696,7.225,,C,1
558,3,"Cor, Mr. Ivan",male,27.0,0,0,349229,7.8958,,S,0
559,3,"Skoog, Miss. Margit Elizabeth",female,2.0,3,2,347088,27.9,,S,0
560,3,"Hansen, Mr. Henry Damsgaard",male,21.0,0,0,350029,7.8542,,S,0
561,3,"Bengtsson, Mr. John Viktor",male,26.0,0,0,347068,7.775,,S,0
562,2,"Rogers, Mr. Reginald Harry",male,19.0,0,0,28004,10.5,,S,0
563,3,"Nenkoff, Mr. Christo",male,,0,0,349234,7.8958,,S,0
564,2,"Duran y More, Miss. Asuncion",female,27.0,1,0,SC/PARIS 2149,13.8583,,C,1
565,1,"Silverthorne, Mr. Spencer Victor",male,35.0,0,0,PC 17475,26.2875,E24,S,1
566,2,"Mellors, Mr. William John",male,19.0,0,0,SW/PP 751,10.5,,S,1
567,3,"McGowan, Miss. Anna ""Annie""",female,15.0,0,0,330923,8.0292,,Q,1
568,3,"Dowdell, Miss. Elizabeth",female,30.0,0,0,364516,12.475,,S,1
569,1,"Partner, Mr. Austen",male,45.5,0,0,113043,28.5,C124,S,0
570,3,"Madigan, Miss. Margaret ""Maggie""",female,,0,0,370370,7.75,,Q,1
571,1,"Natsch, Mr. Charles H",male,37.0,0,1,PC 17596,29.7,C118,C,0
572,2,"Kirkland, Rev. Charles Leonard",male,57.0,0,0,219533,12.35,,Q,0
573,3,"Thomas, Master. Assad Alexander",male,0.42,0,1,2625,8.5167,,C,1
574,2,"Denbury, Mr. Herbert",male,25.0,0,0,C.A. 31029,31.5,,S,0
575,1,"Minahan, Miss. Daisy E",female,33.0,1,0,19928,90.0,C78,Q,1
576,3,"Yousif, Mr. Wazli",male,,0,0,2647,7.225,,C,0
577,3,"Andersson, Master. Sigvard Harald Elias",male,4.0,4,2,347082,31.275,,S,0
578,3,"Midtsjo, Mr. Karl Albert",male,21.0,0,0,345501,7.775,,S,1
579,3,"Ford, Mr. William Neal",male,16.0,1,3,W./C. 6608,34.375,,S,0
580,1,"Birnbaum, Mr. Jakob",male,25.0,0,0,13905,26.0,,C,0
581,3,"Heininen, Miss. Wendla Maria",female,23.0,0,0,STON/O2. 3101290,7.925,,S,0
582,3,"Wirz, Mr. Albert",male,27.0,0,0,315154,8.6625,,S,0
583,3,"Windelov, Mr. Einar",male,21.0,0,0,SOTON/OQ 3101317,7.25,,S,0
584,2,"Funk, Miss. Annie Clemmer",female,38.0,0,0,237671,13.0,,S,0
585,3,"Samaan, Mr. Elias",male,,2,0,2662,21.6792,,C,0
586,3,"Duane, Mr. Frank",male,65.0,0,0,336439,7.75,,Q,0
587,3,"Whabee, Mrs. George Joseph (Shawneene Abi-Saab)",female,38.0,0,0,2688,7.2292,,C,1
588,1,"Bjornstrom-Steffansson, Mr. Mauritz Hakan",male,28.0,0,0,110564,26.55,C52,S,1
589,3,"Allen, Mr. William Henry",male,35.0,0,0,373450,8.05,,S,0
590,3,"Gilinski, Mr. Eliezer",male,22.0,0,0,14973,8.05,,S,0
591,3,"de Messemaeker, Mrs. Guillaume Joseph (Emma)",female,36.0,1,0,345572,17.4,,S,1
592,2,"Pulbaum, Mr. Franz",male,27.0,0,0,SC/PARIS 2168,15.0333,,C,0
593,3,"Svensson, Mr. Johan Cervin",male,14.0,0,0,7538,9.225,,S,1
594,1,"Hippach, Miss. Jean Gertrude",female,16.0,0,1,111361,57.9792,B18,C,1
595,3,"Colbert, Mr. Patrick",male,24.0,0,0,371109,7.25,,Q,0
596,1,"Kenyon, Mr. Frederick R",male,41.0,1,0,17464,51.8625,D21,S,0
597,1,"Chaffee, Mrs. Herbert Fuller (Carrie Constance Toogood)",female,47.0,1,0,W.E.P. 5734,61.175,E31,S,1
598,3,"McGovern, Miss. Mary",female,,0,0,330931,7.8792,,Q,1
599,1,"Straus, Mrs. Isidor (Rosalie Ida Blun)",female,63.0,1,0,PC 17483,221.7792,C55 C57,S,0
600,2,"Christy, Mrs. (Alice Frances)",female,45.0,0,2,237789,30.0,,S,1
601,1,"Douglas, Mrs. Frederick Charles (Mary Helene Baxter)",female,27.0,1,1,PC 17558,247.5208,B58 B60,C,1
602,2,"Brown, Mrs. Thomas William Solomon (Elizabeth Catherine Ford)",female,40.0,1,1,29750,39.0,,S,1
603,1,"Williams-Lambert, Mr. Fletcher Fellows",male,,0,0,113510,35.0,C128,S,0
604,1,"Bidois, Miss. Rosalie",female,42.0,0,0,PC 17757,227.525,,C,1
605,2,"Otter, Mr. Richard",male,39.0,0,0,28213,13.0,,S,0
606,3,"Cacic, Mr. Luka",male,38.0,0,0,315089,8.6625,,S,0
607,2,"Giles, Mr. Edgar",male,21.0,1,0,28133,11.5,,S,0
608,1,"Allison, Miss. Helen Loraine",female,2.0,1,2,113781,151.55,C22 C26,S,0
609,3,"Nilsson, Miss. Helmina Josefina",female,26.0,0,0,347470,7.8542,,S,1
610,2,"Carbines, Mr. William",male,19.0,0,0,28424,13.0,,S,0
611,2,"Norman, Mr. Robert Douglas",male,28.0,0,0,218629,13.5,,S,0
612,1,"Gracie, Col. Archibald IV",male,53.0,0,0,113780,28.5,C51,C,1
613,2,"Doling, Mrs. John T (Ada Julia Bone)",female,34.0,0,1,231919,23.0,,S,1
614,3,"Peter, Master. Michael J",male,,1,1,2668,22.3583,,C,1
615,2,"Deacon, Mr. Percy William",male,17.0,0,0,S.O.C. 14879,73.5,,S,0
616,3,"Holthen, Mr. Johan Martin",male,28.0,0,0,C 4001,22.525,,S,0
617,3,"Fleming, Miss. Honora",female,,0,0,364859,7.75,,Q,0
618,2,"Richards, Mrs. Sidney (Emily Hocking)",female,24.0,2,3,29106,18.75,,S,1
619,3,"van Billiard, Master. James William",male,,1,1,A/5. 851,14.5,,S,0
620,3,"Pettersson, Miss. Ellen Natalia",female,18.0,0,0,347087,7.775,,S,0
621,1,"Stengel, Mr. Charles Emil Henry",male,54.0,1,0,11778,55.4417,C116,C,1
622,3,"Widegren, Mr. Carl/Charles Peter",male,51.0,0,0,347064,7.75,,S,0
623,1,"Rothes, the Countess. of (Lucy Noel Martha Dyer-Edwards)",female,33.0,0,0,110152,86.5,B77,S,1
624,3,"Barah, Mr. Hanna Assi",male,20.0,0,0,2663,7.2292,,C,1
625,3,"Cribb, Mr. John Hatfield",male,44.0,0,1,371362,16.1,,S,0
626,3,"Lemberopolous, Mr. Peter L",male,34.5,0,0,2683,6.4375,,C,0
627,3,"Andersen-Jensen, Miss. Carla Christine Nielsine",female,19.0,1,0,350046,7.8542,,S,1
628,3,"Skoog, Miss. Mabel",female,9.0,3,2,347088,27.9,,S,0
629,1,"Cherry, Miss. Gladys",female,30.0,0,0,110152,86.5,B77,S,1
630,3,"Hansen, Mr. Claus Peter",male,41.0,2,0,350026,14.1083,,S,0
631,3,"Laleff, Mr. Kristo",male,,0,0,349217,7.8958,,S,0
632,3,"Hagardon, Miss. Kate",female,17.0,0,0,AQ/3. 30631,7.7333,,Q,0
633,3,"Yousseff, Mr. Gerious",male,,0,0,2627,14.4583,,C,0
634,3,"Aks, Mrs. Sam (Leah Rosen)",female,18.0,0,1,392091,9.35,,S,1
635,3,"Ling, Mr. Lee",male,28.0,0,0,1601,56.4958,,S,0
636,2,"Schmidt, Mr. August",male,26.0,0,0,248659,13.0,,S,0
637,1,"Thorne, Mrs. Gertrude Maybelle",female,,0,0,PC 17585,79.2,,C,1
638,2,"Nourney, Mr. Alfred (""Baron von Drachstedt"")",male,20.0,0,0,SC/PARIS 2166,13.8625,D38,C,1
639,2,"Richards, Master. William Rowe",male,3.0,1,1,29106,18.75,,S,1
640,1,"Ismay, Mr. Joseph Bruce",male,49.0,0,0,112058,0.0,B52 B54 B56,S,1
641,2,"Webber, Miss. Susan",female,32.5,0,0,27267,13.0,E101,S,1
642,1,"Leader, Dr. Alice (Farnham)",female,49.0,0,0,17465,25.9292,D17,S,1
643,2,"Reeves, Mr. David",male,36.0,0,0,C.A. 17248,10.5,,S,0
644,1,"Baumann, Mr. John D",male,,0,0,PC 17318,25.925,,S,0
645,3,"Dean, Miss. Elizabeth Gladys ""Millvina""",female,0.17,1,2,C.A. 2315,20.575,,S,1
646,3,"Asplund, Mr. Johan Charles",male,23.0,0,0,350054,7.7958,,S,1
647,3,"Lievens, Mr. Rene Aime",male,24.0,0,0,345781,9.5,,S,0
648,3,"Patchett, Mr. George",male,19.0,0,0,358585,14.5,,S,0
649,2,"Hewlett, Mrs. (Mary D Kingcome) ",female,55.0,0,0,248706,16.0,,S,1
650,2,"Collyer, Mr. Harvey",male,31.0,1,1,C.A. 31921,26.25,,S,0
651,3,"Coxon, Mr. Daniel",male,59.0,0,0,364500,7.25,,S,0
652,3,"Lester, Mr. James",male,39.0,0,0,A/4 48871,24.15,,S,0
653,3,"Canavan, Mr. Patrick",male,21.0,0,0,364858,7.75,,Q,0
654,1,"Icard, Miss. Amelie",female,38.0,0,0,113572,80.0,B28,,1
655,3,"Foley, Mr. Joseph",male,26.0,0,0,330910,7.8792,,Q,0
656,3,"Mulvihill, Miss. Bertha E",female,24.0,0,0,382653,7.75,,Q,1
657,1,"Rheims, Mr. George Alexander Lucien",male,,0,0,PC 17607,39.6,,S,1
658,1,"Goldenberg, Mrs. Samuel L (Edwiga Grabowska)",female,,1,0,17453,89.1042,C92,C,1
659,2,"Silven, Miss. Lyyli Karoliina",female,18.0,0,2,250652,13.0,,S,1
660,3,"Lindell, Mrs. Edvard Bengtsson (Elin Gerda Persson)",female,30.0,1,0,349910,15.55,,S,0
661,3,"Gustafsson, Mr. Karl Gideon",male,19.0,0,0,347069,7.775,,S,0
662,1,"Burns, Miss. Elizabeth Margaret",female,41.0,0,0,16966,134.5,E40,C,1
663,3,"Hanna, Mr. Mansour",male,23.5,0,0,2693,7.2292,,C,0
664,3,"Johnson, Mr. Malkolm Joackim",male,33.0,0,0,347062,7.775,,S,0
665,2,"Nasser, Mrs. Nicholas (Adele Achem)",female,14.0,1,0,237736,30.0708,,C,1
666,1,"Baxter, Mr. Quigg Edmond",male,24.0,0,1,PC 17558,247.5208,B58 B60,C,0
667,3,"Stranden, Mr. Juho",male,31.0,0,0,STON/O 2. 3101288,7.925,,S,1
668,3,"Jonsson, Mr. Nils Hilding",male,27.0,0,0,350408,7.8542,,S,0
669,2,"Collyer, Mrs. Harvey (Charlotte Annie Tate)",female,31.0,1,1,C.A. 31921,26.25,,S,1
670,3,"Mardirosian, Mr. Sarkis",male,,0,0,2655,7.2292,F E46,C,0
671,3,"Shorney, Mr. Charles Joseph",male,,0,0,374910,8.05,,S,0
672,2,"Carter, Mrs. Ernest Courtenay (Lilian Hughes)",female,44.0,1,0,244252,26.0,,S,0
673,2,"Clarke, Mrs. Charles V (Ada Maria Winfield)",female,28.0,1,0,2003,26.0,,S,1
674,1,"Sloper, Mr. William Thompson",male,28.0,0,0,113788,35.5,A6,S,1
675,2,"Sedgwick, Mr. Charles Frederick Waddington",male,25.0,0,0,244361,13.0,,S,0
676,3,"McGowan, Miss. Katherine",female,35.0,0,0,9232,7.75,,Q,0
677,2,"Navratil, Master. Michel M",male,3.0,1,1,230080,26.0,F2,S,1
678,3,"Salonen, Mr. Johan Werner",male,39.0,0,0,3101296,7.925,,S,0
679,1,"Mock, Mr. Philipp Edmund",male,30.0,1,0,13236,57.75,C78,C,1
680,3,"Hirvonen, Mrs. Alexander (Helga E Lindqvist)",female,22.0,1,1,3101298,12.2875,,S,1
681,3,"Carver, Mr. Alfred John",male,28.0,0,0,392095,7.25,,S,0
682,2,"Hosono, Mr. Masabumi",male,42.0,0,0,237798,13.0,,S,1
683,1,"Cardeza, Mr. Thomas Drake Martinez",male,36.0,0,1,PC 17755,512.3292,B51 B53 B55,C,1
684,3,"Buckley, Mr. Daniel",male,21.0,0,0,330920,7.8208,,Q,1
685,3,"Moran, Mr. Daniel J",male,,1,0,371110,24.15,,Q,0
686,3,"Petersen, Mr. Marius",male,24.0,0,0,342441,8.05,,S,0
687,3,"Davison, Mrs. Thomas Henry (Mary E Finck)",female,,1,0,386525,16.1,,S,1
688,2,"Louch, Mr. Charles Alexander",male,50.0,1,0,SC/AH 3085,26.0,,S,0
689,3,"Smith, Mr. Thomas",male,,0,0,384461,7.75,,Q,0
690,1,"Frolicher-Stehli, Mr. Maxmillian",male,60.0,1,1,13567,79.2,B41,C,1
691,1,"Greenfield, Mrs. Leo David (Blanche Strouse)",female,45.0,0,1,PC 17759,63.3583,D10 D12,C,1
692,3,"Masselmani, Mrs. Fatima",female,,0,0,2649,7.225,,C,1
693,3,"Rosblom, Mr. Viktor Richard",male,18.0,1,1,370129,20.2125,,S,0
694,3,"Odahl, Mr. Nils Martin",male,23.0,0,0,7267,9.225,,S,0
695,3,"Goodwin, Master. Sidney Leonard",male,1.0,5,2,CA 2144,46.9,,S,0
696,3,"Cribb, Miss. Laura Alice",female,17.0,0,1,371362,16.1,,S,1
697,3,"Turkula, Mrs. (Hedwig)",female,63.0,0,0,4134,9.5875,,S,1
698,2,"Gavey, Mr. Lawrence",male,26.0,0,0,31028,10.5,,S,0
699,1,"Silvey, Mr. William Baird",male,50.0,1,0,13507,55.9,E44,S,0
700,3,"Tenglin, Mr. Gunnar Isidor",male,25.0,0,0,350033,7.7958,,S,1
701,3,"Bourke, Miss. Mary",female,,0,2,364848,7.75,,Q,0
702,1,"Bonnell, Miss. Elizabeth",female,58.0,0,0,113783,26.55,C103,S,1
703,2,"Ashby, Mr. John",male,57.0,0,0,244346,13.0,,S,0
704,2,"Gill, Mr. John William",male,24.0,0,0,233866,13.0,,S,0
705,3,"Samaan, Mr. Hanna",male,,2,0,2662,21.6792,,C,0
706,2,"Fynney, Mr. Joseph J",male,35.0,0,0,239865,26.0,,S,0
707,3,"Jussila, Miss. Katriina",female,20.0,1,0,4136,9.825,,S,0
708,1,"Beattie, Mr. Thomson",male,36.0,0,0,13050,75.2417,C6,C,0
709,3,"Turcin, Mr. Stjepan",male,36.0,0,0,349247,7.8958,,S,0
710,3,"Larsson-Rondberg, Mr. Edvard A",male,22.0,0,0,347065,7.775,,S,0
711,3,"Ilmakangas, Miss. Ida Livija",female,27.0,1,0,STON/O2. 3101270,7.925,,S,0
712,3,"Rush, Mr. Alfred George John",male,16.0,0,0,A/4. 20589,8.05,,S,0
713,3,"Peduzzi, Mr. Joseph",male,,0,0,A/5 2817,8.05,,S,0
714,3,"Rommetvedt, Mr. Knud Paust",male,,0,0,312993,7.775,,S,0
715,3,"Mahon, Mr. John",male,,0,0,AQ/4 3130,7.75,,Q,0
716,3,"Abbott, Mr. Rossmore Edward",male,16.0,1,1,C.A. 2673,20.25,,S,0
717,3,"Garfirth, Mr. John",male,,0,0,358585,14.5,,S,0
718,1,"Marechal, Mr. Pierre",male,,0,0,11774,29.7,C47,C,1
719,3,"Klasen, Miss. Gertrud Emilia",female,1.0,1,1,350405,12.1833,,S,0
720,1,"Wick, Mr. George Dennick",male,57.0,1,1,36928,164.8667,,S,0
721,2,"Faunthorpe, Mr. Harry",male,40.0,1,0,2926,26.0,,S,0
722,2,"Givard, Mr. Hans Kristensen",male,30.0,0,0,250646,13.0,,S,0
723,3,"Dika, Mr. Mirko",male,17.0,0,0,349232,7.8958,,S,0
724,3,"Boulos, Miss. Nourelain",female,9.0,1,1,2678,15.2458,,C,0
725,1,"Carter, Mr. William Ernest",male,36.0,1,2,113760,120.0,B96 B98,S,1
726,1,"Smith, Mr. Lucien Philip",male,24.0,1,0,13695,60.0,C31,S,0
727,3,"Moore, Mr. Leonard Charles",male,,0,0,A4. 54510,8.05,,S,0
728,3,"Andersson, Mr. August Edvard (""Wennerstrom"")",male,27.0,0,0,350043,7.7958,,S,1
729,1,"Ostby, Mr. Engelhart Cornelius",male,65.0,0,1,113509,61.9792,B30,C,0
730,2,"Dibden, Mr. William",male,18.0,0,0,S.O.C. 14879,73.5,,S,0
731,3,"Jermyn, Miss. Annie",female,,0,0,14313,7.75,,Q,1
732,3,"Van Impe, Mr. Jean Baptiste",male,36.0,1,1,345773,24.15,,S,0
733,1,"LeRoy, Miss. Bertha",female,30.0,0,0,PC 17761,106.425,,C,1
734,3,"Vander Planke, Mrs. Julius (Emelia Maria Vandemoortele)",female,31.0,1,0,345763,18.0,,S,0
735,2,"Drew, Mrs. James Vivian (Lulu Thorne Christian)",female,34.0,1,1,28220,32.5,,S,1
736,2,"Mudd, Mr. Thomas Charles",male,16.0,0,0,S.O./P.P. 3,10.5,,S,0
737,3,"Johansson Palmquist, Mr. Oskar Leander",male,26.0,0,0,347070,7.775,,S,1
738,3,"Conlon, Mr. Thomas Henry",male,31.0,0,0,21332,7.7333,,Q,0
739,3,"Nakid, Mr. Sahid",male,20.0,1,1,2653,15.7417,,C,1
740,3,"Elias, Mr. Dibo",male,,0,0,2674,7.225,,C,0
741,3,"Lobb, Mrs. William Arthur (Cordelia K Stanlick)",female,26.0,1,0,A/5. 3336,16.1,,S,0
742,2,"Harris, Mr. Walter",male,30.0,0,0,W/C 14208,10.5,,S,0
743,3,"Carr, Miss. Helen ""Ellen""",female,16.0,0,0,367231,7.75,,Q,1
744,3,"Kelly, Mr. James",male,34.5,0,0,330911,7.8292,,Q,0
745,2,"Bentham, Miss. Lilian W",female,19.0,0,0,28404,13.0,,S,1
746,3,"Vendel, Mr. Olof Edvin",male,20.0,0,0,350416,7.8542,,S,0
747,3,"Smyth, Miss. Julia",female,,0,0,335432,7.7333,,Q,1
748,3,"Myhrman, Mr. Pehr Fabian Oliver Malkolm",male,18.0,0,0,347078,7.75,,S,0
749,2,"Ware, Mrs. John James (Florence Louise Long)",female,31.0,0,0,CA 31352,21.0,,S,1
750,3,"Ilmakangas, Miss. Pieta Sofia",female,25.0,1,0,STON/O2. 3101271,7.925,,S,0
751,1,"Farthing, Mr. John",male,,0,0,PC 17483,221.7792,C95,S,0
752,3,"Ibrahim Shawah, Mr. Yousseff",male,30.0,0,0,2685,7.2292,,C,0
753,1,"Harrington, Mr. Charles H",male,,0,0,113796,42.4,,S,0
754,3,"Thomas, Mr. John",male,,0,0,2681,6.4375,,C,0
755,3,"Pekoniemi, Mr. Edvard",male,21.0,0,0,STON/O 2. 3101294,7.925,,S,0
756,1,"Carrau, Mr. Jose Pedro",male,17.0,0,0,113059,47.1,,S,0
757,1,"Chambers, Mrs. Norman Campbell (Bertha Griggs)",female,33.0,1,0,113806,53.1,E8,S,1
758,3,"Petroff, Mr. Nedelio",male,19.0,0,0,349212,7.8958,,S,0
759,2,"Jacobsohn, Mrs. Sidney Samuel (Amy Frances Christy)",female,24.0,2,1,243847,27.0,,S,1
760,1,"Frauenthal, Mrs. Henry William (Clara Heinsheimer)",female,,1,0,PC 17611,133.65,,S,1
761,2,"Quick, Miss. Winifred Vera",female,8.0,1,1,26360,26.0,,S,1
762,2,"Lingane, Mr. John",male,61.0,0,0,235509,12.35,,Q,0
763,2,"Parker, Mr. Clifford Richard",male,28.0,0,0,SC 14888,10.5,,S,0
764,1,"Moore, Mr. Clarence Bloomfield",male,47.0,0,0,113796,42.4,,S,0
765,1,"Bissette, Miss. Amelia",female,35.0,0,0,PC 17760,135.6333,C99,S,1
766,3,"Meanwell, Miss. (Marion Ogden)",female,,0,0,SOTON/O.Q. 392087,8.05,,S,0
767,3,"McMahon, Mr. Martin",male,,0,0,370372,7.75,,Q,0
768,2,"Sjostedt, Mr. Ernst Adolf",male,59.0,0,0,237442,13.5,,S,0
769,3,"Tobin, Mr. Roger",male,,0,0,383121,7.75,F38,Q,0
770,1,"Bonnell, Miss. Caroline",female,30.0,0,0,36928,164.8667,C7,S,1
771,3,"Wittevrongel, Mr. Camille",male,36.0,0,0,345771,9.5,,S,0
772,1,"Harper, Mr. Henry Sleeper",male,48.0,1,0,PC 17572,76.7292,D33,C,1
773,3,"Thomas, Mr. Charles P",male,,1,0,2621,6.4375,,C,0
774,3,"Van Impe, Miss. Catharina",female,10.0,0,2,345773,24.15,,S,0
775,2,"Brown, Miss. Edith Eileen",female,15.0,0,2,29750,39.0,,S,1
776,3,"Humblen, Mr. Adolf Mathias Nicolai Olsen",male,42.0,0,0,348121,7.65,F G63,S,0
777,1,"Compton, Miss. Sara Rebecca",female,39.0,1,1,PC 17756,83.1583,E49,C,1
778,3,"Doyle, Miss. Elizabeth",female,24.0,0,0,368702,7.75,,Q,0
779,3,"Moen, Mr. Sigurd Hansen",male,25.0,0,0,348123,7.65,F G73,S,0
780,3,"Baclini, Miss. Marie Catherine",female,5.0,2,1,2666,19.2583,,C,1
781,2,"Becker, Master. Richard F",male,1.0,2,1,230136,39.0,F4,S,1
782,1,"Beckwith, Mrs. Richard Leonard (Sallie Monypeny)",female,47.0,1,1,11751,52.5542,D35,S,1
783,3,"Johnson, Mr. Alfred",male,49.0,0,0,LINE,0.0,,S,0
784,3,"Charters, Mr. David",male,21.0,0,0,A/5. 13032,7.7333,,Q,0
785,2,"Sweet, Mr. George Frederick",male,14.0,0,0,220845,65.0,,S,0
786,3,"Bing, Mr. Lee",male,32.0,0,0,1601,56.4958,,S,1
787,2,"Lehmann, Miss. Bertha",female,17.0,0,0,SC 1748,12.0,,C,1
788,1,"Chevre, Mr. Paul Romaine",male,45.0,0,0,PC 17594,29.7,A9,C,1
789,3,"Landergren, Miss. Aurora Adelia",female,22.0,0,0,C 7077,7.25,,S,1
790,1,"Ryerson, Miss. Emily Borie",female,18.0,2,2,PC 17608,262.375,B57 B59 B63 B66,C,1
791,3,"Chronopoulos, Mr. Demetrios",male,18.0,1,0,2680,14.4542,,C,0
792,2,"Hood, Mr. Ambrose Jr",male,21.0,0,0,S.O.C. 14879,73.5,,S,0
793,1,"Julian, Mr. Henry Forbes",male,50.0,0,0,113044,26.0,E60,S,0
794,3,"Reed, Mr. James George",male,,0,0,362316,7.25,,S,0
795,1,"Goldschmidt, Mr. George B",male,71.0,0,0,PC 17754,34.6542,A5,C,0
796,3,"Asplund, Miss. Lillian Gertrud",female,5.0,4,2,347077,31.3875,,S,1
797,2,"Drew, Master. Marshall Brines",male,8.0,0,2,28220,32.5,,S,1
798,1,"Francatelli, Miss. Laura Mabel",female,30.0,0,0,PC 17485,56.9292,E36,C,1
799,3,"Boulos, Mr. Hanna",male,,0,0,2664,7.225,,C,0
800,3,"Strilic, Mr. Ivan",male,27.0,0,0,315083,8.6625,,S,0
801,3,"Jensen, Mr. Niels Peder",male,48.0,0,0,350047,7.8542,,S,0
802,1,"Taylor, Mr. Elmer Zebley",male,48.0,1,0,19996,52.0,C126,S,1
803,3,"Najib, Miss. Adele Kiamie ""Jane""",female,15.0,0,0,2667,7.225,,C,1
804,1,"Hoyt, Mr. Frederick Maxfield",male,38.0,1,0,19943,90.0,C93,S,1
805,3,"Goldsmith, Mr. Nathan",male,41.0,0,0,SOTON/O.Q. 3101263,7.85,,S,0
806,3,"Panula, Master. Juha Niilo",male,7.0,4,1,3101295,39.6875,,S,0
807,3,"Robins, Mr. Alexander A",male,50.0,1,0,A/5. 3337,14.5,,S,0
808,2,"Lahtinen, Rev. William",male,30.0,1,1,250651,26.0,,S,0
809,3,"Williams, Mr. Leslie",male,28.5,0,0,54636,16.1,,S,0
810,1,"Robert, Mrs. Edward Scott (Elisabeth Walton McMillan)",female,43.0,0,1,24160,211.3375,B3,S,1
811,2,"Navratil, Master. Edmond Roger",male,2.0,1,1,230080,26.0,F2,S,1
812,3,"Vartanian, Mr. David",male,22.0,0,0,2658,7.225,,C,1
813,2,"Abelson, Mrs. Samuel (Hannah Wizosky)",female,28.0,1,0,P/PP 3381,24.0,,C,1
814,1,"Douglas, Mrs. Walter Donald (Mahala Dutton)",female,48.0,1,0,PC 17761,106.425,C86,C,1
815,1,"Clark, Mr. Walter Miller",male,27.0,1,0,13508,136.7792,C89,C,0
816,3,"Spector, Mr. Woolf",male,,0,0,A.5. 3236,8.05,,S,0
817,3,"Sundman, Mr. Johan Julian",male,44.0,0,0,STON/O 2. 3101269,7.925,,S,1
818,2,"Turpin, Mrs. William John Robert (Dorothy Ann Wonnacott)",female,27.0,1,0,11668,21.0,,S,0
819,2,"Keane, Miss. Nora A",female,,0,0,226593,12.35,E101,Q,1
820,1,"Guggenheim, Mr. Benjamin",male,46.0,0,0,PC 17593,79.2,B82 B84,C,0
821,3,"Doharr, Mr. Tannous",male,,0,0,2686,7.2292,,C,0
822,1,"Anderson, Mr. Harry",male,48.0,0,0,19952,26.55,E12,S,1
823,3,"Goldsmith, Master. Frank John William ""Frankie""",male,9.0,0,2,363291,20.525,,S,1
824,3,"Strom, Mrs. Wilhelm (Elna Matilda Persson)",female,29.0,1,1,347054,10.4625,G6,S,0
825,1,"Stone, Mrs. George Nelson (Martha Evelyn)",female,62.0,0,0,113572,80.0,B28,,1
826,3,"Sage, Miss. Constance Gladys",female,,8,2,CA. 2343,69.55,,S,0
827,3,"Ford, Mrs. Edward (Margaret Ann Watson)",female,48.0,1,3,W./C. 6608,34.375,,S,0
828,2,"Corey, Mrs. Percy C (Mary Phyllis Elizabeth Miller)",female,,0,0,F.C.C. 13534,21.0,,S,0
829,3,"Andersson, Miss. Ellis Anna Maria",female,2.0,4,2,347082,31.275,,S,0
830,1,"Kreuchen, Miss. Emilie",female,39.0,0,0,24160,211.3375,,S,1
831,3,"Vander Planke, Mr. Leo Edmondus",male,16.0,2,0,345764,18.0,,S,0
832,2,"Sharp, Mr. Percival James R",male,27.0,0,0,244358,26.0,,S,0
833,1,"Harris, Mr. Henry Birkhardt",male,45.0,1,0,36973,83.475,C83,S,0
834,2,"Herman, Mrs. Samuel (Jane Laver)",female,48.0,1,2,220845,65.0,,S,1
835,2,"West, Mr. Edwy Arthur",male,36.0,1,2,C.A. 34651,27.75,,S,0
836,1,"McCaffry, Mr. Thomas Francis",male,46.0,0,0,13050,75.2417,C6,C,0
837,1,"Reuchlin, Jonkheer. John George",male,38.0,0,0,19972,0.0,,S,0
838,2,"Aldworth, Mr. Charles Augustus",male,30.0,0,0,248744,13.0,,S,0
839,2,"Parrish, Mrs. (Lutie Davis)",female,50.0,0,1,230433,26.0,,S,1
840,2,"Herman, Mr. Samuel",male,49.0,1,2,220845,65.0,,S,0
841,2,"Fillbrook, Mr. Joseph Charles",male,18.0,0,0,C.A. 15185,10.5,,S,0
842,3,"Matinoff, Mr. Nicola",male,,0,0,349255,7.8958,,C,0
843,3,"Arnold-Franchi, Mr. Josef",male,25.0,1,0,349237,17.8,,S,0
844,2,"del Carlo, Mrs. Sebastiano (Argenia Genovesi)",female,24.0,1,0,SC/PARIS 2167,27.7208,,C,1
845,3,"Somerton, Mr. Francis William",male,30.0,0,0,A.5. 18509,8.05,,S,0
846,2,"Lemore, Mrs. (Amelia Milley)",female,34.0,0,0,C.A. 34260,10.5,F33,S,1
847,2,"Hamalainen, Mrs. William (Anna)",female,24.0,0,2,250649,14.5,,S,1
848,3,"Lindahl, Miss. Agda Thorilda Viktoria",female,25.0,0,0,347071,7.775,,S,0
849,3,"McCoy, Miss. Alicia",female,,2,0,367226,23.25,,Q,1
850,3,"Pokrnic, Mr. Mate",male,17.0,0,0,315095,8.6625,,S,0
851,3,"Shaughnessy, Mr. Patrick",male,,0,0,370374,7.75,,Q,0
852,2,"Mangiavacchi, Mr. Serafino Emilio",male,,0,0,SC/A.3 2861,15.5792,,C,0
853,2,"Stokes, Mr. Philip Joseph",male,25.0,0,0,F.C.C. 13540,10.5,,S,0
854,1,"Fleming, Miss. Margaret",female,,0,0,17421,110.8833,,C,1
855,3,"Rice, Mrs. William (Margaret Norton)",female,39.0,0,5,382652,29.125,,Q,0
856,1,"Frolicher, Miss. Hedwig Margaritha",female,22.0,0,2,13568,49.5,B39,C,1
857,3,"Hee, Mr. Ling",male,,0,0,1601,56.4958,,S,1
858,3,"Kiernan, Mr. Philip",male,,1,0,367229,7.75,,Q,0
859,3,"Asplund, Mr. Carl Oscar Vilhelm Gustafsson",male,40.0,1,5,347077,31.3875,,S,0
860,3,"Johnston, Master. William Arthur ""Willie""",male,,1,2,W./C. 6607,23.45,,S,0
861,1,"Snyder, Mr. John Pillsbury",male,24.0,1,0,21228,82.2667,B45,S,1
862,3,"Carlsson, Mr. Carl Robert",male,24.0,0,0,350409,7.8542,,S,0
863,3,"Goodwin, Mr. Charles Edward",male,14.0,5,2,CA 2144,46.9,,S,0
864,3,"Novel, Mr. Mansouer",male,28.5,0,0,2697,7.2292,,C,0
865,3,"Karun, Miss. Manca",female,4.0,0,1,349256,13.4167,,C,1
866,3,"Abbott, Mrs. Stanton (Rosa Hunt)",female,35.0,1,1,C.A. 2673,20.25,,S,1
867,3,"Larsson, Mr. Bengt Edvin",male,29.0,0,0,347067,7.775,,S,0
868,2,"Hunt, Mr. George Henry",male,33.0,0,0,SCO/W 1585,12.275,,S,0
869,3,"O'Sullivan, Miss. Bridget Mary",female,,0,0,330909,7.6292,,Q,0
870,3,"Nankoff, Mr. Minko",male,,0,0,349218,7.8958,,S,0
871,3,"Dakic, Mr. Branko",male,19.0,0,0,349228,10.1708,,S,0
872,3,"Flynn, Mr. James",male,,0,0,364851,7.75,,Q,0
873,2,"Kantor, Mrs. Sinai (Miriam Sternin)",female,24.0,1,0,244367,26.0,,S,1
874,3,"O'Brien, Mr. Thomas",male,,1,0,370365,15.5,,Q,0
875,1,"Fortune, Miss. Alice Elizabeth",female,24.0,3,2,19950,263.0,C23 C25 C27,S,1
876,2,"Nye, Mrs. (Elizabeth Ramell)",female,29.0,0,0,C.A. 29395,10.5,F33,S,1
877,3,"Olsen, Mr. Ole Martin",male,,0,0,Fa 265302,7.3125,,S,0
878,3,"Johansson, Mr. Nils",male,29.0,0,0,347467,7.8542,,S,0
879,3,"McCoy, Mr. Bernard",male,,2,0,367226,23.25,,Q,1
880,2,"Peruschitz, Rev. Joseph Maria",male,41.0,0,0,237393,13.0,,S,0
881,2,"Ponesell, Mr. Martin",male,34.0,0,0,250647,13.0,,S,0
882,3,"Roth, Miss. Sarah A",female,,0,0,342712,8.05,,S,1
883,1,"Fortune, Mrs. Mark (Mary McDougald)",female,60.0,1,4,19950,263.0,C23 C25 C27,S,1
884,1,"Wick, Mrs. George Dennick (Mary Hitchcock)",female,45.0,1,1,36928,164.8667,,S,1
885,2,"Jenkin, Mr. Stephen Curnow",male,32.0,0,0,C.A. 33111,10.5,,S,0
886,1,"Davidson, Mr. Thornton",male,31.0,1,0,F.C. 12750,52.0,B71,S,0
887,3,"Sheerlinck, Mr. Jan Baptist",male,29.0,0,0,345779,9.5,,S,1
888,2,"Ware, Mr. William Jeffery",male,23.0,1,0,28666,10.5,,S,0
889,3,"Gheorgheff, Mr. Stanio",male,,0,0,349254,7.8958,,C,0
890,3,"Karlsson, Mr. Nils August",male,22.0,0,0,350060,7.5208,,S,0
891,3,"Sutehall, Mr. Henry Jr",male,25.0,0,0,SOTON/OQ 392076,7.05,,S,0
892,2,"Mack, Mrs. (Mary)",female,57.0,0,0,S.O./P.P. 3,10.5,E77,S,0
893,2,"Cunningham, Mr. Alfred Fleming",male,,0,0,239853,0.0,,S,0
894,3,"Abelseth, Miss. Karen Marie",female,16.0,0,0,348125,7.65,,S,1
895,3,"Slocovski, Mr. Selman Francis",male,,0,0,SOTON/OQ 392086,8.05,,S,0
896,1,"Franklin, Mr. Thomas Parham",male,,0,0,113778,26.55,D34,S,0
897,2,"Lamb, Mr. John Joseph",male,,0,0,240261,10.7083,,Q,0
898,2,"Slayter, Miss. Hilda Mary",female,30.0,0,0,234818,12.35,,Q,1
899,2,"del Carlo, Mr. Sebastiano",male,29.0,1,0,SC/PARIS 2167,27.7208,,C,0
900,3,"Morrow, Mr. Thomas Rowan",male,,0,0,372622,7.75,,Q,0
901,1,"Smith, Mr. Richard William",male,,0,0,113056,26.0,A19,S,0
902,2,"Turpin, Mr. William John Robert",male,29.0,1,0,11668,21.0,,S,0
903,3,"O'Dwyer, Miss. Ellen ""Nellie""",female,,0,0,330959,7.8792,,Q,1
904,1,"Widener, Mr. George Dunton",male,50.0,1,1,113503,211.5,C80,C,0
905,3,"Edvardsson, Mr. Gustaf Hjalmar",male,18.0,0,0,349912,7.775,,S,0
906,3,"Hagland, Mr. Konrad Mathias Reiersen",male,,1,0,65304,19.9667,,S,0
907,3,"Cacic, Miss. Manda",female,21.0,0,0,315087,8.6625,,S,0
908,1,"Brady, Mr. John Bertram",male,41.0,0,0,113054,30.5,A21,S,0
909,2,"Herman, Miss. Kate",female,24.0,1,2,220845,65.0,,S,1
910,3,"Olsen, Mr. Karl Siegwart Andreas",male,42.0,0,1,4579,8.4042,,S,0
911,1,"Perreault, Miss. Anne",female,30.0,0,0,12749,93.5,B73,S,1
912,3,"Linehan, Mr. Michael",male,,0,0,330971,7.8792,,Q,0
913,1,"Gibson, Mrs. Leonard (Pauline C Boeson)",female,45.0,0,1,112378,59.4,,C,1
914,2,"Richard, Mr. Emile",male,23.0,0,0,SC/PARIS 2133,15.0458,,C,0
915,3,"Lobb, Mr. William Arthur",male,30.0,1,0,A/5. 3336,16.1,,S,0
916,3,"Moran, Miss. Bertha",female,,1,0,371110,24.15,,Q,1
917,3,"Dean, Master. Bertram Vere",male,1.0,1,2,C.A. 2315,20.575,,S,1
918,3,"Salander, Mr. Karl Johan",male,24.0,0,0,7266,9.325,,S,0
919,3,"Strandberg, Miss. Ida Sofia",female,22.0,0,0,7553,9.8375,,S,0
920,3,"Braf, Miss. Elin Ester Maria",female,20.0,0,0,347471,7.8542,,S,0
921,3,"Howard, Miss. May Elizabeth",female,,0,0,A. 2. 39186,8.05,,S,1
922,3,"Harmer, Mr. Abraham (David Lishin)",male,25.0,0,0,374887,7.25,,S,0
923,3,"Storey, Mr. Thomas",male,60.5,0,0,3701,,,S,0
924,3,"Betros, Master. Seman",male,,0,0,2622,7.2292,,C,0
925,2,"Bracken, Mr. James H",male,27.0,0,0,220367,13.0,,S,0
926,3,"Lindell, Mr. Edvard Bengtsson",male,36.0,1,0,349910,15.55,,S,0
927,3,"Cohen, Mr. Gurshon ""Gus""",male,18.0,0,0,A/5 3540,8.05,,S,1
928,3,"Bradley, Miss. Bridget Delia",female,22.0,0,0,334914,7.725,,Q,1
929,1,"Cavendish, Mr. Tyrell William",male,36.0,1,0,19877,78.85,C46,S,0
930,1,"Geiger, Miss. Amalie",female,35.0,0,0,113503,211.5,C130,C,1
931,1,"Bucknell, Mrs. William Robert (Emma Eliza Ward)",female,60.0,0,0,11813,76.2917,D15,C,1
932,3,"Kink, Mr. Vincenz",male,26.0,2,0,315151,8.6625,,S,0
933,3,"Larsson, Mr. August Viktor",male,29.0,0,0,7545,9.4833,,S,0
934,3,"Andersson, Mr. Anders Johan",male,39.0,1,5,347082,31.275,,S,0
935,1,"Dick, Mrs. Albert Adrian (Vera Gillespie)",female,17.0,1,0,17474,57.0,B20,S,1
936,1,"Omont, Mr. Alfred Fernand",male,,0,0,F.C. 12998,25.7417,,C,1
937,1,"Harris, Mrs. Henry Birkhardt (Irene Wallach)",female,35.0,1,0,36973,83.475,C83,S,1
938,3,"Olsson, Mr. Nils Johan Goransson",male,28.0,0,0,347464,7.8542,,S,0
939,3,"Krekorian, Mr. Neshan",male,25.0,0,0,2654,7.2292,F E57,C,1
940,1,"Young, Miss. Marie Grice",female,36.0,0,0,PC 17760,135.6333,C32,C,1
941,2,"Beesley, Mr. Lawrence",male,34.0,0,0,248698,13.0,D56,S,1
942,2,"Bryhl, Mr. Kurt Arnold Gottfrid",male,25.0,1,0,236853,26.0,,S,0
943,2,"Sobey, Mr. Samuel James Hayden",male,25.0,0,0,C.A. 29178,13.0,,S,0
944,3,"Risien, Mr. Samuel Beard",male,,0,0,364498,14.5,,S,0
945,2,"Hocking, Mr. Samuel James Metcalfe",male,36.0,0,0,242963,13.0,,S,0
946,1,"Fortune, Mr. Mark",male,64.0,1,4,19950,263.0,C23 C25 C27,S,0
947,3,"Sadlier, Mr. Matthew",male,,0,0,367655,7.7292,,Q,0
948,1,"Candee, Mrs. Edward (Helen Churchill Hungerford)",female,53.0,0,0,PC 17606,27.4458,,C,1
949,3,"Saundercock, Mr. William Henry",male,20.0,0,0,A/5. 2151,8.05,,S,0
950,1,"Thayer, Mr. John Borland Jr",male,17.0,0,2,17421,110.8833,C70,C,1
951,3,"Rouse, Mr. Richard Henry",male,50.0,0,0,A/5 3594,8.05,,S,0
952,2,"Carter, Rev. Ernest Courtenay",male,54.0,1,0,244252,26.0,,S,0
953,3,"Jonkoff, Mr. Lalio",male,23.0,0,0,349204,7.8958,,S,0
954,3,"Kelly, Mr. James",male,44.0,0,0,363592,8.05,,S,0
955,3,"Toufik, Mr. Nakli",male,,0,0,2641,7.2292,,C,0
956,1,"Kimball, Mr. Edwin Nelson Jr",male,42.0,1,0,11753,52.5542,D19,S,1
957,3,"Scanlan, Mr. James",male,,0,0,36209,7.725,,Q,0
958,3,"Maisner, Mr. Simon",male,,0,0,A/S 2816,8.05,,S,0
959,3,"Davies, Mr. Evan",male,22.0,0,0,SC/A4 23568,8.05,,S,0
960,3,"Denkoff, Mr. Mitto",male,,0,0,349225,7.8958,,S,0
961,3,"Johansson, Mr. Karl Johan",male,31.0,0,0,347063,7.775,,S,0
962,1,"Crafton, Mr. John Bertram",male,,0,0,113791,26.55,,S,0
963,1,"Dodge, Mrs. Washington (Ruth Vidaver)",female,54.0,1,1,33638,81.8583,A34,S,1
964,3,"Johnson, Mrs. Oscar W (Elisabeth Vilhelmina Berg)",female,27.0,0,2,347742,11.1333,,S,1
965,1,"Stewart, Mr. Albert A",male,,0,0,PC 17605,27.7208,,C,0
966,3,"Ilieff, Mr. Ylio",male,,0,0,349220,7.8958,,S,0
967,2,"Clarke, Mr. Charles Valentine",male,29.0,1,0,2003,26.0,,S,0
968,3,"Backstrom, Mr. Karl Alfred",male,32.0,1,0,3101278,15.85,,S,0
969,3,"Henriksson, Miss. Jenny Lovisa",female,28.0,0,0,347086,7.775,,S,0
970,3,"Thomson, Mr. Alexander Morrison",male,,0,0,32302,8.05,,S,0
971,1,"Keeping, Mr. Edwin",male,32.5,0,0,113503,211.5,C132,C,0
972,3,"Andersson, Miss. Ebba Iris Alfrida",female,6.0,4,2,347082,31.275,,S,0
973,2,"Malachard, Mr. Noel",male,,0,0,237735,15.0458,D,C,0
974,3,"Svensson, Mr. Olof",male,24.0,0,0,350035,7.7958,,S,0
975,2,"Watt, Miss. Bertha J",female,12.0,0,0,C.A. 33595,15.75,,S,1
976,3,"Ahlin, Mrs. Johan (Johanna Persdotter Larsson)",female,40.0,1,0,7546,9.475,,S,0
977,3,"Stankovic, Mr. Ivan",male,33.0,0,0,349239,8.6625,,C,0
978,2,"Berriman, Mr. William John",male,23.0,0,0,28425,13.0,,S,0
979,3,"Ford, Mr. Edward Watson",male,18.0,2,2,W./C. 6608,34.375,,S,0
980,3,"Petterson, Mr. Johan Emil",male,25.0,1,0,347076,7.775,,S,0
981,3,"Hansen, Mrs. Claus Peter (Jennie L Howard)",female,45.0,1,0,350026,14.1083,,S,1
982,1,"Barkworth, Mr. Algernon Henry Wilson",male,80.0,0,0,27042,30.0,A23,S,1
983,3,"Andersson, Mrs. Anders Johan (Alfrida Konstantia Brogren)",female,39.0,1,5,347082,31.275,,S,0
984,2,"Weisz, Mr. Leopold",male,27.0,1,0,228414,26.0,,S,0
985,3,"Daly, Mr. Eugene Patrick",male,29.0,0,0,382651,7.75,,Q,1
986,2,"Harper, Miss. Annie Jessie ""Nina""",female,6.0,0,1,248727,33.0,,S,1
987,3,"Dahlberg, Miss. Gerda Ulrika",female,22.0,0,0,7552,10.5167,,S,0
988,1,"Dodge, Dr. Washington",male,53.0,1,1,33638,81.8583,A34,S,1
989,3,"Kink-Heilmann, Mrs. Anton (Luise Heilmann)",female,26.0,1,1,315153,22.025,,S,1
990,3,"Mahon, Miss. Bridget Delia",female,,0,0,330924,7.8792,,Q,0
991,1,"Taussig, Mr. Emil",male,52.0,1,1,110413,79.65,E67,S,0
992,2,"Drew, Mr. James Vivian",male,42.0,1,1,28220,32.5,,S,0
993,3,"Lundahl, Mr. Johan Svensson",male,51.0,0,0,347743,7.0542,,S,0
994,1,"Duff Gordon, Sir. Cosmo Edmund (""Mr Morgan"")",male,49.0,1,0,PC 17485,56.9292,A20,C,1
995,3,"Kassem, Mr. Fared",male,,0,0,2700,7.2292,,C,0
996,3,"Elias, Mr. Tannous",male,15.0,1,1,2695,7.2292,,C,0
997,1,"Oliva y Ocana, Dona. Fermina",female,39.0,0,0,PC 17758,108.9,C105,C,1
998,3,"Leinonen, Mr. Antti Gustaf",male,32.0,0,0,STON/O 2. 3101292,7.925,,S,0
999,1,"Wick, Miss. Mary Natalie",female,31.0,0,2,36928,164.8667,C7,S,1
